time,rfon,pwr,alt
5.019968509674072 ,0, -40 , 13.678214999999994
5.741574764251709 ,0, -40 , 13.67792
6.7067344188690186 ,0, -40 , 13.678035000000001
7.674026250839233 ,0, -40 , 13.678625000000004
8.639103651046753 ,0, -40 , 13.678460000000001
9.607220649719238 ,0, -40 , 13.731755
10.572693347930908 ,0, -40 , 13.678795000000001
11.539690494537354 ,0, -40 , 13.728974999999998
12.506202220916748 ,0, -40 , 13.679405000000003
13.474090099334717 ,0, -40 , 13.732085000000005
14.43908429145813 ,0, -40 , 13.679630000000003
15.405733585357666 ,0, -40 , 13.679494999999996
16.37186884880066 ,0, -40 , 13.679584999999996
17.34024477005005 ,0, -40 , 13.679630000000003
18.30586051940918 ,0, -40 , 13.681329999999996
19.27282404899597 ,0, -40 , 13.680529999999997
20.239521026611328 ,0, -40 , 13.680280000000003
21.20698642730713 ,0, -40 , 13.680715
22.17219567298889 ,0, -40 , 13.679854999999996
23.138807773590088 ,0, -40 , 13.680295000000001
24.105273723602295 ,0, -40 , 13.680250000000001
25.072821378707886 ,0, -40 , 13.679995000000005
26.038829803466797 ,0, -40 , 13.68094
27.00529432296753 ,0, -40 , 13.680779999999999
27.97127604484558 ,0, -40 , 13.681219999999996
28.939605712890625 ,0, -40 , 13.680585
29.904674768447876 ,0, -40 , 13.681159999999998
30.872188329696655 ,0, -40 , 13.681365000000007
31.83854866027832 ,0, -40 , 13.741215000000004
32.804927587509155 ,0, -40 , 13.68139
33.77140927314758 ,0, -40 , 13.681575000000002
34.7379264831543 ,0, -40 , 13.681284999999995
35.70469427108765 ,0, -40 , 13.680965
36.672701597213745 ,0, -40 , 13.681505000000001
37.63796019554138 ,0, -40 , 13.681394999999995
38.60492992401123 ,0, -40 , 13.681584999999998
39.570465326309204 ,0, -40 , 13.681515000000005
40.538124084472656 ,0, -40 , 13.681715000000004
41.50392174720764 ,0, -40 , 13.683605
42.471291065216064 ,0, -40 , 13.682020000000001
43.43678593635559 ,0, -40 , 13.681930000000001
44.40442085266113 ,0, -40 , 13.682139999999997
45.371877670288086 ,0, -40 , 13.866950000000003
46.33721137046814 ,0, -40 , 13.682254999999998
47.3037896156311 ,0, -40 , 13.682690000000001
48.27163100242615 ,0, -40 , 13.681835
49.237385511398315 ,0, -40 , 13.68215
50.20369744300842 ,0, -40 , 13.68217
51.16998219490051 ,0, -40 , 13.682254999999998
52.13832426071167 ,0, -40 , 13.681749999999994
53.103700399398804 ,0, -40 , 13.682370000000006
54.07075834274292 ,0, -40 , 13.702064999999997
55.037580490112305 ,0, -40 , 13.682675000000003
56.00319218635559 ,0, -40 , 13.683875
56.969666481018066 ,0, -40 , 13.682810000000003
57.93657326698303 ,0, -40 , 13.682324999999999
58.90284323692322 ,0, -40 , 13.682630000000003
59.869324922561646 ,0, -40 , 13.682630000000003
62.86455059051514 ,1, -30 , 13.682940000000002
63.73597192764282 ,1, -30 , 13.682735000000008
64.70249009132385 ,1, -30 , 13.683374999999998
65.66944599151611 ,1, -30 , 13.683544999999995
66.63596963882446 ,1, -30 , 13.683524999999996
67.60144662857056 ,1, -30 , 13.68347
68.56892657279968 ,1, -30 , 13.744800000000005
69.53580021858215 ,1, -30 , 13.685249999999996
70.50203156471252 ,1, -30 , 13.683165000000002
71.46812891960144 ,1, -30 , 13.684425000000005
72.43524265289307 ,1, -30 , 13.683125000000004
73.4023208618164 ,1, -30 , 13.68347
74.36868786811829 ,1, -30 , 13.683724999999995
75.33625364303589 ,1, -30 , 13.683524999999996
76.30198645591736 ,1, -30 , 13.696820000000002
77.26880121231079 ,1, -30 , 13.683955000000005
78.23482704162598 ,1, -30 , 13.68376
79.20296311378479 ,1, -30 , 13.683895000000007
80.16829633712769 ,1, -30 , 13.684110000000004
81.13406753540039 ,1, -30 , 13.684239999999996
82.10155749320984 ,1, -30 , 13.684165
83.07190823554993 ,0, -40 , 13.684105000000002
83.55141496658325 ,0, -40 , 13.684415000000001
84.03461503982544 ,0, -40 , 13.684245000000004
84.51909828186035 ,0, -40 , 13.684404999999998
85.00032448768616 ,0, -40 , 13.68392
85.48401236534119 ,0, -40 , 13.684179999999998
85.9691390991211 ,0, -40 , 13.734105
86.45123195648193 ,0, -40 , 13.684449999999998
86.9339189529419 ,0, -40 , 13.684539999999998
87.41768836975098 ,0, -40 , 13.684745
87.90084743499756 ,0, -40 , 13.684314999999998
88.38455581665039 ,0, -40 , 13.683554999999998
88.86731290817261 ,0, -40 , 13.683970000000002
89.35007357597351 ,0, -40 , 13.684475000000006
89.83391737937927 ,0, -40 , 13.684134999999998
90.31807446479797 ,0, -40 , 13.683809999999994
90.80088543891907 ,0, -40 , 13.684310000000004
91.2850034236908 ,0, -40 , 13.684644999999996
91.76756429672241 ,0, -40 , 13.684154999999997
92.25054693222046 ,0, -40 , 13.684395000000002
92.73384404182434 ,0, -40 , 13.684320000000007
95.23734879493713 ,1, -29 , 13.68488
96.1165235042572 ,1, -29 , 13.68504
97.08412003517151 ,1, -29 , 13.684514999999998
98.049973487854 ,1, -29 , 13.685015
99.01735424995422 ,1, -29 , 13.684874999999998
99.98510336875916 ,1, -29 , 13.684840000000001
100.95057511329651 ,1, -29 , 13.685654999999997
101.91671586036682 ,1, -29 , 13.684975000000001
102.8831992149353 ,1, -29 , 13.684674999999999
103.8512613773346 ,1, -29 , 13.684425000000005
104.81627607345581 ,1, -29 , 13.684785000000005
105.7830867767334 ,1, -29 , 13.684750000000001
106.74994349479675 ,1, -29 , 13.684604999999998
107.71616268157959 ,1, -29 , 13.684404999999998
108.68425917625427 ,1, -29 , 13.684554999999996
109.65007472038269 ,1, -29 , 13.684944999999999
110.61645364761353 ,1, -29 , 13.684984999999998
111.58322262763977 ,1, -29 , 13.68486
112.54975271224976 ,1, -29 , 13.684730000000002
113.51553583145142 ,1, -29 , 13.923524999999998
114.48228645324707 ,1, -29 , 13.685134999999995
115.45514798164368 ,0, -40 , 13.685125
115.93300938606262 ,0, -40 , 13.685175000000001
116.41582822799683 ,0, -40 , 13.68468
116.90024590492249 ,0, -40 , 13.685055000000006
117.38308119773865 ,0, -40 , 13.685130000000001
117.86586332321167 ,0, -40 , 13.685515000000002
118.34909224510193 ,0, -40 , 13.684975000000001
118.83235788345337 ,0, -40 , 13.685144999999999
119.31713008880615 ,0, -40 , 13.685485
119.7991783618927 ,0, -40 , 13.685205000000003
120.28231716156006 ,0, -40 , 13.685155000000002
120.7658371925354 ,0, -40 , 13.685069999999996
121.2487940788269 ,0, -40 , 13.685029999999998
121.73319911956787 ,0, -40 , 13.685155000000002
122.21583485603333 ,0, -40 , 13.685474999999997
122.69855427742004 ,0, -40 , 13.685645000000001
123.18346762657166 ,0, -40 , 13.685485
123.66569256782532 ,0, -40 , 13.685839999999999
124.14901924133301 ,0, -40 , 13.685399999999994
124.63177061080933 ,0, -40 , 13.685755
125.11534523963928 ,0, -40 , 13.685699999999997
127.61550903320312 ,1, -28 , 13.685969999999998
128.49793076515198 ,1, -28 , 13.721240000000002
129.46491527557373 ,1, -28 , 13.686155
130.43157386779785 ,1, -28 , 13.686544999999995
131.39804673194885 ,1, -28 , 13.687190000000001
132.3646125793457 ,1, -28 , 13.686485000000005
133.33144569396973 ,1, -28 , 13.686735000000006
134.29854345321655 ,1, -28 , 13.687089999999998
135.2635805606842 ,1, -28 , 13.686840000000004
136.23134016990662 ,1, -28 , 13.686844999999998
137.19720244407654 ,1, -28 , 13.687109999999997
138.16492342948914 ,1, -28 , 13.686654999999995
139.13040018081665 ,1, -28 , 13.687129999999996
140.09709358215332 ,1, -28 , 13.686834999999995
141.06312727928162 ,1, -28 , 13.686805
142.03183674812317 ,1, -28 , 13.686779999999999
142.99769067764282 ,1, -28 , 13.686850000000007
143.9628131389618 ,1, -28 , 13.686814999999996
144.93036198616028 ,1, -28 , 13.686719999999994
145.89622116088867 ,1, -28 , 13.686475000000002
146.86295413970947 ,1, -28 , 13.686399999999999
147.83324360847473 ,0, -40 , 13.68636
148.31291389465332 ,0, -40 , 13.686644999999999
148.797856092453 ,0, -40 , 13.686675000000001
149.28039932250977 ,0, -40 , 13.686644999999999
149.76303911209106 ,0, -40 , 13.687034999999995
150.2456305027008 ,0, -40 , 13.686884999999997
150.72953844070435 ,0, -40 , 13.687270000000005
151.2144753932953 ,0, -40 , 13.686840000000004
151.69696760177612 ,0, -40 , 13.687255
152.18001580238342 ,0, -40 , 13.686654999999995
152.6635766029358 ,0, -40 , 13.686909999999997
153.1456527709961 ,0, -40 , 13.686824999999999
153.62964391708374 ,0, -40 , 13.687165000000007
154.12044835090637 ,0, -40 , 13.687375000000003
154.59651374816895 ,0, -40 , 13.687240000000003
155.08057260513306 ,0, -40 , 13.686375000000005
155.5627522468567 ,0, -40 , 13.68674
156.045823097229 ,0, -40 , 13.687505000000002
156.5284116268158 ,0, -40 , 13.686644999999999
157.01223063468933 ,0, -40 , 13.686800000000005
157.49687838554382 ,0, -40 , 13.68694
160.00454115867615 ,1, -27 , 13.687355000000004
160.87833714485168 ,1, -27 , 13.687115000000006
161.845308303833 ,1, -27 , 13.687325000000001
162.81196665763855 ,1, -27 , 13.687404999999998
163.7789192199707 ,1, -27 , 13.687630000000006
164.74490237236023 ,1, -27 , 13.68759
165.7116208076477 ,1, -27 , 13.687809999999999
166.67805242538452 ,1, -27 , 13.687444999999997
167.64619135856628 ,1, -27 , 13.687294999999999
168.61191129684448 ,1, -27 , 13.68752
169.57845997810364 ,1, -27 , 13.68712
170.54526686668396 ,1, -27 , 13.687485000000002
171.51203227043152 ,1, -27 , 13.68712
172.47758650779724 ,1, -27 , 13.68795
173.44422245025635 ,1, -27 , 13.687800000000003
174.41087460517883 ,1, -27 , 13.687885000000001
175.3821725845337 ,1, -27 , 13.687574999999995
176.34431385993958 ,1, -27 , 13.688364999999997
177.31033539772034 ,1, -27 , 13.688099999999999
178.27872776985168 ,1, -27 , 13.688569999999999
179.2444088459015 ,1, -27 , 13.688079999999992
180.21624398231506 ,0, -40 , 13.690625000000004
180.6951675415039 ,0, -40 , 13.688054999999999
181.17743158340454 ,0, -40 , 13.688054999999999
181.6609947681427 ,0, -40 , 13.688164999999998
182.1434829235077 ,0, -40 , 13.688145000000006
182.62693786621094 ,0, -40 , 13.688004999999997
183.11038637161255 ,0, -40 , 13.74476
183.59422063827515 ,0, -40 , 13.688725000000005
184.07735204696655 ,0, -40 , 13.688525000000006
184.56183075904846 ,0, -40 , 13.688414999999999
185.04371690750122 ,0, -40 , 13.688204999999996
185.52651357650757 ,0, -40 , 13.70326
186.01022386550903 ,0, -40 , 13.687960000000004
186.4933362007141 ,0, -40 , 13.688485000000007
186.97804188728333 ,0, -40 , 13.687945000000006
187.4605679512024 ,0, -40 , 13.688335000000002
187.94375467300415 ,0, -40 , 13.68815
188.426509141922 ,0, -40 , 13.687820000000002
188.90982365608215 ,0, -40 , 13.687739999999998
189.39477968215942 ,0, -40 , 13.687774999999995
189.87648391723633 ,0, -40 , 13.728560000000002
192.37096691131592 ,1, -26 , 13.688065000000002
193.2605459690094 ,1, -26 , 13.687559999999998
194.2265179157257 ,1, -26 , 13.688554999999994
195.19265937805176 ,1, -26 , 13.688315000000003
196.1595847606659 ,1, -26 , 13.688469999999995
197.1263976097107 ,1, -26 , 13.688299999999998
198.0926685333252 ,1, -26 , 13.688944999999997
199.05883955955505 ,1, -26 , 13.688265000000001
200.02591180801392 ,1, -26 , 13.687945000000006
200.99317383766174 ,1, -26 , 13.687919999999998
201.95846033096313 ,1, -26 , 13.687935000000003
202.92635869979858 ,1, -26 , 13.688465
203.89231872558594 ,1, -26 , 13.689789999999995
204.85833144187927 ,1, -26 , 13.688189999999999
205.82526278495789 ,1, -26 , 13.687874999999998
206.79218816757202 ,1, -26 , 13.691294999999997
207.7588517665863 ,1, -26 , 13.688794999999999
208.72605156898499 ,1, -26 , 13.687784999999998
209.69208312034607 ,1, -26 , 13.687850000000005
210.65858101844788 ,1, -26 , 13.68768
211.62492156028748 ,1, -26 , 13.687845000000003
212.59767723083496 ,0, -40 , 13.688315000000003
213.0750868320465 ,0, -40 , 13.68804
213.55793237686157 ,0, -40 , 13.688129999999994
214.04147124290466 ,0, -40 , 13.688700000000004
214.52513980865479 ,0, -40 , 13.688535000000002
215.0090639591217 ,0, -40 , 13.688170000000007
215.4910535812378 ,0, -40 , 13.68842
215.97484397888184 ,0, -40 , 13.688435000000005
216.45807266235352 ,0, -40 , 13.688354999999994
216.94125199317932 ,0, -40 , 13.688325000000006
217.42444229125977 ,0, -40 , 13.687935000000003
217.90784859657288 ,0, -40 , 13.688404999999996
218.39100694656372 ,0, -40 , 13.688800000000008
218.87527012825012 ,0, -40 , 13.688414999999999
219.35782265663147 ,0, -40 , 13.688465
219.84099817276 ,0, -40 , 13.742845000000003
220.32430601119995 ,0, -40 , 13.689459999999997
220.8073787689209 ,0, -40 , 13.688400000000001
221.29022407531738 ,0, -40 , 13.688339999999997
221.77381420135498 ,0, -40 , 13.688054999999999
222.25799012184143 ,0, -40 , 13.688099999999999
224.76828122138977 ,1, -25 , 13.752724999999998
225.64037156105042 ,1, -25 , 13.688695000000003
226.60755944252014 ,1, -25 , 13.688669999999995
227.57440066337585 ,1, -25 , 13.688775
228.54057264328003 ,1, -25 , 13.688915000000001
229.50742983818054 ,1, -25 , 13.689005000000002
230.4753875732422 ,1, -25 , 13.688540000000003
231.44046092033386 ,1, -25 , 13.860115
232.40705251693726 ,1, -25 , 13.688950000000006
233.3735044002533 ,1, -25 , 13.826450000000001
234.33986353874207 ,1, -25 , 13.688585000000003
235.30644583702087 ,1, -25 , 13.688895000000002
236.27494144439697 ,1, -25 , 13.689155
237.24089288711548 ,1, -25 , 13.689230000000002
238.2069115638733 ,1, -25 , 13.68909
239.17325282096863 ,1, -25 , 13.688679999999998
240.13982915878296 ,1, -25 , 13.688650000000003
241.10617089271545 ,1, -25 , 13.73782
242.07380533218384 ,1, -25 , 13.689029999999995
243.03945517539978 ,1, -25 , 13.688990000000004
244.00601243972778 ,1, -25 , 13.68853
244.97836065292358 ,0, -40 , 13.68862
245.4565577507019 ,0, -40 , 13.688950000000006
245.94051671028137 ,0, -40 , 13.689134999999993
246.42292094230652 ,0, -40 , 13.789004999999996
246.90578699111938 ,0, -40 , 13.722909999999999
247.38961625099182 ,0, -40 , 13.688775
247.87238097190857 ,0, -40 , 13.688544999999998
248.35637784004211 ,0, -40 , 13.688654999999997
248.838933467865 ,0, -40 , 13.688499999999998
249.32289719581604 ,0, -40 , 13.688650000000003
249.80712032318115 ,0, -40 , 13.688685
250.2893123626709 ,0, -40 , 13.688759999999995
250.77223777770996 ,0, -40 , 13.68918
251.25555634498596 ,0, -40 , 13.68889
251.7395417690277 ,0, -40 , 13.688704999999999
252.22408604621887 ,0, -40 , 13.688669999999995
252.70537972450256 ,0, -40 , 13.689140000000002
253.1889147758484 ,0, -40 , 13.739609999999999
253.67323803901672 ,0, -40 , 13.689370000000004
254.15565967559814 ,0, -40 , 13.688650000000003
254.63828802108765 ,0, -40 , 13.688490000000002
257.136292219162 ,1, -24 , 13.688709999999993
258.02157640457153 ,1, -24 , 13.688895000000002
258.9885513782501 ,1, -24 , 13.688800000000008
259.9566903114319 ,1, -24 , 13.689000000000007
260.9212965965271 ,1, -24 , 13.722765000000003
261.8882191181183 ,1, -24 , 13.688859999999998
262.85812163352966 ,1, -24 , 13.688764999999997
263.821918964386 ,1, -24 , 13.688879999999997
264.78835463523865 ,1, -24 , 13.689000000000007
265.7549092769623 ,1, -24 , 13.688965000000003
266.72194480895996 ,1, -24 , 13.689564999999995
267.6887676715851 ,1, -24 , 13.689724999999996
268.6551926136017 ,1, -24 , 13.697915000000002
269.6209759712219 ,1, -24 , 13.689879999999995
270.58757615089417 ,1, -24 , 13.689385000000001
271.555499792099 ,1, -24 , 13.689144999999996
272.5209105014801 ,1, -24 , 13.689324999999997
273.4881691932678 ,1, -24 , 13.688850000000002
274.45462679862976 ,1, -24 , 13.688960000000002
275.42361426353455 ,1, -24 , 13.689005000000002
276.3877327442169 ,1, -24 , 13.688879999999997
277.35896492004395 ,0, -40 , 13.689430000000002
277.8390100002289 ,0, -40 , 13.689219999999999
278.32139253616333 ,0, -40 , 13.689609999999995
278.8036689758301 ,0, -40 , 13.689675000000001
279.28814697265625 ,0, -40 , 13.689374999999998
279.7703297138214 ,0, -40 , 13.689385000000001
280.2537624835968 ,0, -40 , 13.689585000000001
280.7368745803833 ,0, -40 , 13.689879999999995
281.22078585624695 ,0, -40 , 13.689734999999999
281.7052204608917 ,0, -40 , 13.689330000000005
282.1870868206024 ,0, -40 , 13.689144999999996
282.6709032058716 ,0, -40 , 13.689134999999993
283.153445482254 ,0, -40 , 13.68927
283.63694643974304 ,0, -40 , 13.698830000000001
284.12192463874817 ,0, -40 , 13.689689999999999
284.60356187820435 ,0, -40 , 13.689860000000003
285.0872395038605 ,0, -40 , 13.689855000000001
285.57106375694275 ,0, -40 , 13.689965
286.05320715904236 ,0, -40 , 13.68994
286.5380461215973 ,0, -40 , 13.68918
287.0208275318146 ,0, -40 , 13.689284999999998
289.5136525630951 ,1, -23 , 13.689709999999998
290.4036114215851 ,1, -23 , 13.689950000000003
291.3701112270355 ,1, -23 , 13.689664999999998
292.3373832702637 ,1, -23 , 13.689814999999996
293.3041133880615 ,1, -23 , 13.68985
294.27010107040405 ,1, -23 , 13.689789999999995
295.236209154129 ,1, -23 , 13.689590000000003
296.20282435417175 ,1, -23 , 13.690239999999996
297.17061948776245 ,1, -23 , 13.689950000000003
298.1358597278595 ,1, -23 , 13.689805
299.1027731895447 ,1, -23 , 13.689965
300.0699214935303 ,1, -23 , 13.69021
301.0374035835266 ,1, -23 , 13.869320000000002
302.0034041404724 ,1, -23 , 13.690079999999995
302.9715270996094 ,1, -23 , 13.690365
303.93654131889343 ,1, -23 , 13.689530000000005
304.90364170074463 ,1, -23 , 13.68936
305.86955523490906 ,1, -23 , 13.689414999999997
306.8356623649597 ,1, -23 , 13.689459999999997
307.8023462295532 ,1, -23 , 13.689194999999998
308.76994132995605 ,1, -23 , 13.689530000000005
309.74045276641846 ,0, -40 , 13.689370000000004
310.219114780426 ,0, -40 , 13.689514999999993
310.7029113769531 ,0, -40 , 13.68965
311.1863899230957 ,0, -40 , 13.689599999999999
311.66938161849976 ,0, -40 , 13.689605
312.152658700943 ,0, -40 , 13.689639999999997
312.6355321407318 ,0, -40 , 13.68965
313.1193950176239 ,0, -40 , 13.689770000000003
313.60291290283203 ,0, -40 , 13.689520000000002
314.08597230911255 ,0, -40 , 13.689210000000003
314.56916189193726 ,0, -40 , 13.689999999999998
315.0557198524475 ,0, -40 , 13.689970000000002
315.5358850955963 ,0, -40 , 13.689385000000001
316.0189743041992 ,0, -40 , 13.689370000000004
316.50122833251953 ,0, -40 , 13.689309999999999
316.9852499961853 ,0, -40 , 13.689545000000003
317.46971130371094 ,0, -40 , 13.689105000000005
317.9517168998718 ,0, -40 , 13.738695
318.43530559539795 ,0, -40 , 13.810964999999996
318.9195747375488 ,0, -40 , 13.689695
319.40214443206787 ,0, -40 , 13.689549999999997
321.9079501628876 ,1, -22 , 13.689390000000003
322.7860403060913 ,1, -22 , 13.689015000000005
323.75186705589294 ,1, -22 , 13.689079999999997
324.71773052215576 ,1, -22 , 13.689459999999997
325.6851432323456 ,1, -22 , 13.688950000000006
326.65201139450073 ,1, -22 , 13.689394999999998
327.6176555156708 ,1, -22 , 13.689595000000004
328.5848124027252 ,1, -22 , 13.689540000000001
329.5512795448303 ,1, -22 , 13.689764999999994
330.5170593261719 ,1, -22 , 13.689869999999999
331.485319852829 ,1, -22 , 13.690805000000005
332.4503388404846 ,1, -22 , 13.689845000000005
333.4178035259247 ,1, -22 , 13.690070000000006
334.38409447669983 ,1, -22 , 13.695194999999998
335.3515968322754 ,1, -22 , 13.690265000000004
336.3168272972107 ,1, -22 , 13.690504999999995
337.2833364009857 ,1, -22 , 13.692175000000006
338.25010347366333 ,1, -22 , 13.690215000000002
339.2173590660095 ,1, -22 , 13.690475
340.18322706222534 ,1, -22 , 13.69023
341.1496217250824 ,1, -22 , 13.69052
342.1217796802521 ,0, -40 , 13.690404999999998
342.5996630191803 ,0, -40 , 13.69021
343.08333802223206 ,0, -40 , 13.689869999999999
343.5660011768341 ,0, -40 , 13.689284999999998
344.05061173439026 ,0, -40 , 13.69023
344.53282499313354 ,0, -40 , 13.689799999999998
345.0164909362793 ,0, -40 , 13.689989999999995
345.5003778934479 ,0, -40 , 13.689999999999998
345.9830205440521 ,0, -40 , 13.690404999999998
346.46624517440796 ,0, -40 , 13.690249999999999
346.94949674606323 ,0, -40 , 13.690314999999998
347.4327280521393 ,0, -40 , 13.690455
347.91569113731384 ,0, -40 , 13.690070000000006
348.3993558883667 ,0, -40 , 13.6903
348.88233518600464 ,0, -40 , 13.689995000000003
349.36656665802 ,0, -40 , 13.690304999999995
349.84967732429504 ,0, -40 , 13.689974999999997
350.33236813545227 ,0, -40 , 13.690535000000004
350.81721925735474 ,0, -40 , 13.689945000000002
351.29885172843933 ,0, -40 , 13.690535000000004
351.78202414512634 ,0, -40 , 13.690199999999997
354.2879524230957 ,1, -21 , 13.689974999999997
355.16502046585083 ,1, -21 , 13.689960000000006
356.1321499347687 ,1, -21 , 13.695209999999996
357.09930062294006 ,1, -21 , 13.689695
358.0646495819092 ,1, -21 , 13.690084999999996
359.0319676399231 ,1, -21 , 13.728425000000001
359.99859642982483 ,1, -21 , 13.763885000000002
360.9657645225525 ,1, -21 , 13.690449999999998
361.9313066005707 ,1, -21 , 13.690415000000002
362.89813208580017 ,1, -21 , 13.69052
363.8644416332245 ,1, -21 , 13.691065000000002
364.83177304267883 ,1, -21 , 13.691280000000006
365.7977249622345 ,1, -21 , 13.691130000000001
366.7645926475525 ,1, -21 , 13.690845000000003
367.7312533855438 ,1, -21 , 13.691254999999998
368.6979079246521 ,1, -21 , 13.691134999999996
369.66490960121155 ,1, -21 , 13.690625000000004
370.63088035583496 ,1, -21 , 13.691659999999999
371.59780406951904 ,1, -21 , 13.690725
372.56368136405945 ,1, -21 , 13.69048
373.53191590309143 ,1, -21 , 13.716425000000001
374.5021598339081 ,0, -40 , 13.690559999999998
374.9809069633484 ,0, -40 , 13.690829999999998
375.46373534202576 ,0, -40 , 13.691049999999997
375.94697189331055 ,0, -40 , 13.690659999999994
376.42982149124146 ,0, -40 , 13.69108
376.91337490081787 ,0, -40 , 13.69099
377.3962104320526 ,0, -40 , 13.691065000000002
377.88050651550293 ,0, -40 , 13.690809999999999
378.3632752895355 ,0, -40 , 13.691155000000002
378.8478350639343 ,0, -40 , 13.690955000000002
379.3299334049225 ,0, -40 , 13.691020000000002
379.8137638568878 ,0, -40 , 13.690854999999999
380.2980103492737 ,0, -40 , 13.690894999999998
380.7799940109253 ,0, -40 , 13.691244999999995
381.2632043361664 ,0, -40 , 13.690815
381.7562940120697 ,0, -40 , 13.69106
382.2293438911438 ,0, -40 , 13.690884999999994
382.7144811153412 ,0, -40 , 13.690719999999999
383.19678354263306 ,0, -40 , 13.690615000000001
383.6799771785736 ,0, -40 , 13.690779999999997
384.1627388000488 ,0, -40 , 13.690934999999996
386.66717410087585 ,1, -20 , 13.691595000000007
387.54560017585754 ,1, -20 , 13.690974999999995
388.5126316547394 ,1, -20 , 13.690354999999997
389.478878736496 ,1, -20 , 13.690399999999997
390.4459722042084 ,1, -20 , 13.695645000000006
391.41253757476807 ,1, -20 , 13.69043
392.378839969635 ,1, -20 , 13.690709999999996
393.34534454345703 ,1, -20 , 13.720239999999997
394.31234407424927 ,1, -20 , 13.691249999999997
395.2799301147461 ,1, -20 , 13.694960000000002
396.24530816078186 ,1, -20 , 13.691090000000003
397.212037563324 ,1, -20 , 13.798654999999997
398.1785743236542 ,1, -20 , 13.691495000000003
399.14654302597046 ,1, -20 , 13.690965000000006
400.11173963546753 ,1, -20 , 13.69126
401.0787341594696 ,1, -20 , 13.691510000000001
402.04502058029175 ,1, -20 , 13.691609999999997
403.01254081726074 ,1, -20 , 13.691535000000002
403.97771310806274 ,1, -20 , 13.691020000000002
404.9453489780426 ,1, -20 , 13.690435000000008
405.9115924835205 ,1, -20 , 13.699455
406.8830373287201 ,0, -40 , 13.69106
407.36167907714844 ,0, -40 , 13.690910000000002
407.84476375579834 ,0, -40 , 13.690925
408.3290431499481 ,0, -40 , 13.691035
408.8103382587433 ,0, -40 , 13.691199999999995
409.293909072876 ,0, -40 , 13.690910000000002
409.7792692184448 ,0, -40 , 13.691149999999993
410.26099824905396 ,0, -40 , 13.691485
410.7439978122711 ,0, -40 , 13.691949999999999
411.2280113697052 ,0, -40 , 13.69142
411.7108368873596 ,0, -40 , 13.691645000000001
412.19496750831604 ,0, -40 , 13.691760000000002
412.6770899295807 ,0, -40 , 13.692135
413.16111731529236 ,0, -40 , 13.691719999999997
413.6444046497345 ,0, -40 , 13.691389999999998
414.12733364105225 ,0, -40 , 13.692075000000003
414.61034536361694 ,0, -40 , 13.691430000000004
415.09405303001404 ,0, -40 , 13.691860000000005
415.5772500038147 ,0, -40 , 13.691685
416.0614399909973 ,0, -40 , 13.69126
416.54360365867615 ,0, -40 , 13.691755
419.0462031364441 ,1, -19 , 13.692094999999995
419.92714762687683 ,1, -19 , 13.691425000000002
420.8939037322998 ,1, -19 , 13.691189999999999
421.8600332736969 ,1, -19 , 13.691470000000002
422.82688903808594 ,1, -19 , 13.691854999999997
423.79250597953796 ,1, -19 , 13.834125
424.76151990890503 ,1, -19 , 13.692139999999995
425.7265603542328 ,1, -19 , 13.747545000000002
426.69247913360596 ,1, -19 , 13.692319999999995
427.6593313217163 ,1, -19 , 13.69155
428.6271548271179 ,1, -19 , 13.692650000000008
429.59251976013184 ,1, -19 , 13.692100000000003
430.5587246417999 ,1, -19 , 13.78331
431.52566051483154 ,1, -19 , 13.695729999999998
432.49383640289307 ,1, -19 , 13.692129999999999
433.4593093395233 ,1, -19 , 13.691845
434.4257619380951 ,1, -19 , 13.692335000000007
435.39225578308105 ,1, -19 , 13.691834999999998
436.3591125011444 ,1, -19 , 13.864604999999997
437.3252053260803 ,1, -19 , 13.709845000000001
438.29228138923645 ,1, -19 , 13.691670000000002
439.26454854011536 ,0, -40 , 13.745035000000001
439.74217796325684 ,0, -40 , 13.692160000000001
440.2251527309418 ,0, -40 , 13.691490000000002
440.70829796791077 ,0, -40 , 13.691195
441.19120264053345 ,0, -40 , 13.691680000000005
441.67547059059143 ,0, -40 , 13.69182
442.1577708721161 ,0, -40 , 13.691775
442.64105105400085 ,0, -40 , 13.69184
443.1246826648712 ,0, -40 , 13.692065
443.60828971862793 ,0, -40 , 13.691595000000007
444.09137201309204 ,0, -40 , 13.69184
444.574716091156 ,0, -40 , 13.692020000000007
445.0577292442322 ,0, -40 , 13.691945000000004
445.54236793518066 ,0, -40 , 13.691634999999998
446.024888753891 ,0, -40 , 13.692280000000004
446.5078535079956 ,0, -40 , 13.691805000000002
446.9904570579529 ,0, -40 , 13.691975
447.47460651397705 ,0, -40 , 13.691575
447.95890641212463 ,0, -40 , 13.692050000000002
448.44042468070984 ,0, -40 , 13.691070000000003
448.9235727787018 ,0, -40 , 13.691580000000002
451.42113614082336 ,1, -18 , 14.141955000000003
452.30702352523804 ,1, -18 , 14.587620000000001
453.2738547325134 ,1, -18 , 13.738895000000007
454.2416138648987 ,1, -18 , 16.00287
455.2069036960602 ,1, -18 , 13.694204999999997
456.1734917163849 ,1, -18 , 13.691955
457.1398763656616 ,1, -18 , 14.63805
458.107253074646 ,1, -18 , 13.91158
459.07280945777893 ,1, -18 , 13.705329999999996
460.0396559238434 ,1, -18 , 14.653499999999994
461.00940346717834 ,1, -18 , 14.951355000000007
461.974645614624 ,1, -18 , 17.152530000000006
462.9393765926361 ,1, -18 , 13.767019999999995
463.90647172927856 ,1, -18 , 14.625280000000004
464.87245655059814 ,1, -18 , 14.333034999999995
465.8402087688446 ,1, -18 , 14.467075000000001
466.8063750267029 ,1, -18 , 14.193065000000004
467.77219128608704 ,1, -18 , 13.726865000000004
468.7393386363983 ,1, -18 , 13.692435000000003
469.70576071739197 ,1, -18 , 13.715984999999996
470.67247676849365 ,1, -18 , 14.639890000000001
471.6434428691864 ,0, -40 , 13.718440000000001
472.12259888648987 ,0, -40 , 13.692
472.60538029670715 ,0, -40 , 13.692840000000004
473.0886058807373 ,0, -40 , 13.69274
473.572078704834 ,0, -40 , 13.692614999999996
474.05528473854065 ,0, -40 , 13.692664999999998
474.5391266345978 ,0, -40 , 13.692945000000002
475.0233643054962 ,0, -40 , 13.69287
475.50516414642334 ,0, -40 , 13.691910000000007
475.98837399482727 ,0, -40 , 13.692825
476.47283387184143 ,0, -40 , 13.692719999999994
476.95545077323914 ,0, -40 , 13.692609999999995
477.43985247612 ,0, -40 , 13.692050000000002
477.921719789505 ,0, -40 , 13.692014999999998
478.40449047088623 ,0, -40 , 13.692139999999995
478.8889617919922 ,0, -40 , 13.692239999999998
479.3718228340149 ,0, -40 , 13.692775000000005
479.85495924949646 ,0, -40 , 13.692725000000003
480.3378179073334 ,0, -40 , 13.692515
480.82101678848267 ,0, -40 , 13.692689999999999
481.30633091926575 ,0, -40 , 13.692404999999994
483.81147861480713 ,1, -17 , 19.250075000000002
484.68752431869507 ,1, -17 , 19.188655000000004
485.6545317173004 ,1, -17 , 21.406855
486.6209945678711 ,1, -17 , 21.362285
487.58784890174866 ,1, -17 , 21.02592
488.55397391319275 ,1, -17 , 18.810495000000003
489.52070927619934 ,1, -17 , 21.844654999999996
490.4874930381775 ,1, -17 , 20.65999
491.455459356308 ,1, -17 , 22.20494
492.4202539920807 ,1, -17 , 19.744315
493.3873538970947 ,1, -17 , 19.347284999999992
494.3533492088318 ,1, -17 , 18.776400000000002
495.3212332725525 ,1, -17 , 21.11777
496.2873911857605 ,1, -17 , 19.41207
497.2535877227783 ,1, -17 , 18.532345
498.2199156284332 ,1, -17 , 23.798395000000006
499.188040971756 ,1, -17 , 20.446115
500.15314269065857 ,1, -17 , 20.118525000000005
501.1197919845581 ,1, -17 , 19.539255000000004
502.08636808395386 ,1, -17 , 21.540014999999997
503.05443930625916 ,1, -17 , 19.589324999999995
504.02426767349243 ,0, -40 , 15.514265000000002
504.50282526016235 ,0, -40 , 13.693294999999999
504.98665475845337 ,0, -40 , 13.692550000000004
505.4698169231415 ,0, -40 , 13.692974999999997
505.9525866508484 ,0, -40 , 13.692794999999997
506.43632316589355 ,0, -40 , 13.692990000000002
506.92026257514954 ,0, -40 , 13.692275000000002
507.40312218666077 ,0, -40 , 13.692915000000006
507.88597321510315 ,0, -40 , 13.692495000000001
508.3689043521881 ,0, -40 , 13.693440000000002
508.85242915153503 ,0, -40 , 13.692655000000002
509.33755135536194 ,0, -40 , 13.693180000000005
509.81958198547363 ,0, -40 , 13.693269999999998
510.3026969432831 ,0, -40 , 13.76762
510.7857768535614 ,0, -40 , 13.694550000000007
511.2695417404175 ,0, -40 , 13.693345
511.7537090778351 ,0, -40 , 13.693170000000002
512.2360620498657 ,0, -40 , 13.693395000000002
512.7196543216705 ,0, -40 , 13.693249999999999
513.2028610706329 ,0, -40 , 13.693185
513.685239315033 ,0, -40 , 13.692945000000002
516.1796464920044 ,1, -16 , 28.013385
517.0684866905212 ,1, -16 , 26.50249
518.0363647937775 ,1, -16 , 24.834940000000003
519.002197265625 ,1, -16 , 28.125994999999996
519.968279838562 ,1, -16 , 29.45501
520.934900522232 ,1, -16 , 28.636985000000003
521.9015817642212 ,1, -16 , 27.505635000000005
522.868495464325 ,1, -16 , 27.243445
523.8347232341766 ,1, -16 , 26.976640000000003
524.8019335269928 ,1, -16 , 27.377385000000004
525.7676010131836 ,1, -16 , 28.994634999999995
526.7346324920654 ,1, -16 , 28.650405
527.7007801532745 ,1, -16 , 28.2541
528.6694550514221 ,1, -16 , 26.416485
529.6343088150024 ,1, -16 , 26.950360000000003
530.6003305912018 ,1, -16 , 27.881500000000003
531.567862033844 ,1, -16 , 30.8266
532.5350072383881 ,1, -16 , 25.493049999999997
533.5002007484436 ,1, -16 , 26.02487
534.4671812057495 ,1, -16 , 29.134584999999994
535.4341297149658 ,1, -16 , 32.35459999999999
536.4069106578827 ,0, -40 , 16.298114999999996
536.8841378688812 ,0, -40 , 13.695574999999998
537.3673253059387 ,0, -40 , 13.693754999999996
537.8507037162781 ,0, -40 , 13.693355000000004
538.333099603653 ,0, -40 , 13.726489999999998
538.8178589344025 ,0, -40 , 13.69547
539.2999064922333 ,0, -40 , 13.693660000000001
539.7835178375244 ,0, -40 , 13.693964999999999
540.2669801712036 ,0, -40 , 13.69314
540.7497274875641 ,0, -40 , 13.751484999999995
541.2349643707275 ,0, -40 , 13.693600000000004
541.7165415287018 ,0, -40 , 13.693395000000002
542.199814081192 ,0, -40 , 13.693679999999993
542.6842939853668 ,0, -40 , 13.693879999999993
543.1670808792114 ,0, -40 , 13.693224999999998
543.6495635509491 ,0, -40 , 13.69397
544.1332800388336 ,0, -40 , 13.693309999999997
544.6167206764221 ,0, -40 , 13.693570000000001
545.1005585193634 ,0, -40 , 13.693530000000003
545.5834984779358 ,0, -40 , 13.693795000000001
546.0658559799194 ,0, -40 , 13.693555000000003
548.5749478340149 ,1, -15 , 40.46835
549.4491744041443 ,1, -15 , 40.34825000000001
550.4159045219421 ,1, -15 , 36.5074
551.3837106227875 ,1, -15 , 34.7338
552.3494341373444 ,1, -15 , 37.74654999999999
553.3160688877106 ,1, -15 , 34.92295000000001
554.2828283309937 ,1, -15 , 34.80865
555.2487065792084 ,1, -15 , 33.807649999999995
556.2149889469147 ,1, -15 , 37.54534999999999
557.1824283599854 ,1, -15 , 40.4529
558.1490421295166 ,1, -15 , 39.43625
559.1154606342316 ,1, -15 , 37.2159
560.0820336341858 ,1, -15 , 43.77930000000001
561.0485274791718 ,1, -15 , 39.4133
562.0148501396179 ,1, -15 , 37.883050000000004
562.9827988147736 ,1, -15 , 38.497600000000006
563.9486458301544 ,1, -15 , 43.43915
564.9148886203766 ,1, -15 , 37.2202
565.8812696933746 ,1, -15 , 34.84415
566.8492434024811 ,1, -15 , 40.0839
567.8151381015778 ,1, -15 , 39.38725
568.7853236198425 ,0, -40 , 19.88756
569.2660939693451 ,0, -40 , 14.476135000000006
569.7477645874023 ,0, -40 , 13.69464
570.2310173511505 ,0, -40 , 13.693190000000001
570.7159683704376 ,0, -40 , 13.693530000000003
571.1973655223846 ,0, -40 , 13.693255
571.6811947822571 ,0, -40 , 13.693459999999995
572.1645755767822 ,0, -40 , 13.693224999999998
572.6477584838867 ,0, -40 , 13.693669999999997
573.132700920105 ,0, -40 , 13.693685000000002
573.6142709255219 ,0, -40 , 13.745075
574.0977265834808 ,0, -40 , 13.693040000000003
574.5808892250061 ,0, -40 , 13.693404999999998
575.0640399456024 ,0, -40 , 13.693125000000002
575.5487928390503 ,0, -40 , 13.693309999999997
576.0312049388885 ,0, -40 , 13.693380000000005
576.5137712955475 ,0, -40 , 13.6939
576.9977161884308 ,0, -40 , 13.693545000000007
577.4808478355408 ,0, -40 , 13.693430000000006
577.9637095928192 ,0, -40 , 13.965380000000003
578.446533203125 ,0, -40 , 13.701335
580.9528324604034 ,1, -14 , 46.69475
581.8302595615387 ,1, -14 , 48.9829
582.7968604564667 ,1, -14 , 51.79875
583.7630763053894 ,1, -14 , 46.72995000000002
584.7299382686615 ,1, -14 , 53.09145000000001
585.6970357894897 ,1, -14 , 47.096999999999994
586.6626224517822 ,1, -14 , 48.666349999999994
587.6300995349884 ,1, -14 , 50.762950000000004
588.5962119102478 ,1, -14 , 49.66289999999999
589.5629334449768 ,1, -14 , 48.586349999999996
590.5296771526337 ,1, -14 , 47.19855
591.4962327480316 ,1, -14 , 46.59375
592.4642055034637 ,1, -14 , 56.500550000000004
593.4296646118164 ,1, -14 , 53.17295
594.3955261707306 ,1, -14 , 47.24189999999999
595.3628778457642 ,1, -14 , 52.3019
596.3302617073059 ,1, -14 , 53.344600000000014
597.2953281402588 ,1, -14 , 48.04915
598.2623176574707 ,1, -14 , 45.7817
599.2283215522766 ,1, -14 , 47.22314999999999
600.1961934566498 ,1, -14 , 51.144549999999995
601.1670205593109 ,0, -40 , 25.313854999999997
601.6453518867493 ,0, -40 , 15.101875
602.1286363601685 ,0, -40 , 13.740874999999996
602.6127460002899 ,0, -40 , 13.693464999999996
603.095451593399 ,0, -40 , 13.693574999999996
603.5784816741943 ,0, -40 , 13.693804999999998
604.0618300437927 ,0, -40 , 13.693564999999992
604.5448641777039 ,0, -40 , 13.69359
605.029928445816 ,0, -40 , 13.693364999999993
605.5110156536102 ,0, -40 , 13.693244999999997
605.9951272010803 ,0, -40 , 13.693779999999997
606.4781937599182 ,0, -40 , 13.693570000000001
606.9650666713715 ,0, -40 , 13.693640000000002
607.4445669651031 ,0, -40 , 13.705469999999998
607.9283671379089 ,0, -40 , 13.693505000000002
608.41148686409 ,0, -40 , 13.693774999999995
608.8943791389465 ,0, -40 , 13.693800000000003
609.377765417099 ,0, -40 , 13.693414999999995
609.860867023468 ,0, -40 , 13.694029999999998
610.3446896076202 ,0, -40 , 13.69352
610.8276052474976 ,0, -40 , 13.693889999999996
613.3357756137848 ,1, -13 , 64.8116
614.210590839386 ,1, -13 , 61.90780000000001
615.1778507232666 ,1, -13 , 60.188349999999986
616.1443862915039 ,1, -13 , 61.12169999999999
617.1101810932159 ,1, -13 , 60.238200000000006
618.0778720378876 ,1, -13 , 63.25869999999999
619.0439054965973 ,1, -13 , 60.48455
620.0102977752686 ,1, -13 , 60.08135
620.9772486686707 ,1, -13 , 62.776099999999985
621.9449944496155 ,1, -13 , 64.43465
622.9098906517029 ,1, -13 , 62.118700000000004
623.8762493133545 ,1, -13 , 59.23505
624.8432431221008 ,1, -13 , 60.925
625.8107080459595 ,1, -13 , 68.87219999999999
626.7761232852936 ,1, -13 , 59.824250000000006
627.7425932884216 ,1, -13 , 60.30244999999999
628.7092621326447 ,1, -13 , 59.849050000000005
629.6763994693756 ,1, -13 , 62.54209999999999
630.644134759903 ,1, -13 , 62.94654999999999
631.6096258163452 ,1, -13 , 57.111549999999994
632.5763256549835 ,1, -13 , 63.65055000000001
633.5475511550903 ,0, -40 , 23.767555
634.0259811878204 ,0, -40 , 13.880105
634.5101375579834 ,0, -40 , 13.694795
634.9923856258392 ,0, -40 , 13.694225000000003
635.4752266407013 ,0, -40 , 13.727044999999997
635.9592990875244 ,0, -40 , 13.693889999999996
636.4425916671753 ,0, -40 , 13.693975000000002
636.9257326126099 ,0, -40 , 13.694164999999998
637.4087769985199 ,0, -40 , 13.694404999999996
637.8922252655029 ,0, -40 , 13.694479999999999
638.3768737316132 ,0, -40 , 13.693960000000004
638.8582353591919 ,0, -40 , 13.693564999999992
639.342523097992 ,0, -40 , 13.6935
639.8265066146851 ,0, -40 , 13.694135000000003
640.3084142208099 ,0, -40 , 13.693620000000003
640.791759967804 ,0, -40 , 13.693810000000006
641.2767109870911 ,0, -40 , 13.6937
641.7593002319336 ,0, -40 , 13.693845000000003
642.242035150528 ,0, -40 , 13.694164999999998
642.7265701293945 ,0, -40 , 13.694465000000001
643.2088665962219 ,0, -40 , 13.694600000000008
645.7100930213928 ,1, -12 , 72.14775
646.5911247730255 ,1, -12 , 73.49375
647.5593848228455 ,1, -12 , 79.10085
648.5251617431641 ,1, -12 , 77.0317
649.4915337562561 ,1, -12 , 74.08045000000001
650.4583287239075 ,1, -12 , 76.63595
651.4258644580841 ,1, -12 , 84.86785000000002
652.3908951282501 ,1, -12 , 69.15075
653.3585112094879 ,1, -12 , 72.72179999999999
654.3246266841888 ,1, -12 , 70.79814999999999
655.2914474010468 ,1, -12 , 79.2315
656.2591547966003 ,1, -12 , 74.5496
657.2245070934296 ,1, -12 , 80.98290000000001
658.1907942295074 ,1, -12 , 78.68594999999999
659.157350063324 ,1, -12 , 74.1627
660.1250689029694 ,1, -12 , 74.8157
661.0907583236694 ,1, -12 , 76.0915
662.057608127594 ,1, -12 , 79.09965
663.0237443447113 ,1, -12 , 78.55965
663.9912803173065 ,1, -12 , 85.9211
664.9572896957397 ,1, -12 , 71.7897
665.9290571212769 ,0, -40 , 28.499964999999996
666.4068734645844 ,0, -40 , 14.962395
666.8900592327118 ,0, -40 , 13.698080000000004
667.3735492229462 ,0, -40 , 13.693804999999998
667.8583128452301 ,0, -40 , 13.694305
668.3406455516815 ,0, -40 , 13.693874999999998
668.8238842487335 ,0, -40 , 13.69352
669.3077042102814 ,0, -40 , 13.693975000000002
669.7899312973022 ,0, -40 , 13.694049999999997
670.2732865810394 ,0, -40 , 13.694094999999997
670.756641626358 ,0, -40 , 13.693745000000007
671.2401776313782 ,0, -40 , 13.748105000000002
671.7227864265442 ,0, -40 , 13.693835
672.2062976360321 ,0, -40 , 13.693685000000002
672.6896035671234 ,0, -40 , 13.693349999999995
673.1738932132721 ,0, -40 , 13.694344999999998
673.6566314697266 ,0, -40 , 13.694054999999999
674.1395406723022 ,0, -40 , 13.693845000000003
674.6232478618622 ,0, -40 , 13.693910000000002
675.1063315868378 ,0, -40 , 13.694544999999998
675.5898704528809 ,0, -40 , 13.693760000000005
678.0930891036987 ,1, -11 , 93.80615
679.2483298778534 ,1, -11 , 84.6814
680.4418709278107 ,1, -11 , 90.67869999999999
681.3428943157196 ,1, -11 , 80.6855
682.3584091663361 ,1, -11 , 99.09255
683.873199224472 ,1, -11 , 89.12255
684.9535727500916 ,1, -11 , 96.38014999999999
685.8563132286072 ,1, -11 , 92.77845
687.1306223869324 ,1, -11 , 81.94265
688.1456189155579 ,1, -11 , 88.41295
689.0485751628876 ,1, -11 , 92.3127
689.9500992298126 ,1, -11 , 98.40809999999999
691.0311994552612 ,1, -11 , 83.84625
692.1891596317291 ,1, -11 , 89.7218
693.1556165218353 ,1, -11 , 96.61410000000001
694.0581212043762 ,1, -11 , 89.06625
695.024293422699 ,1, -11 , 93.3964
696.5569610595703 ,1, -11 , 82.8031
697.7491533756256 ,1, -11 , 94.62645
698.6570179462433 ,0, -40 , 27.90294
699.1334850788116 ,0, -40 , 13.849560000000004
699.6172952651978 ,0, -40 , 13.694534999999995
700.1001346111298 ,0, -40 , 13.694319999999998
700.5838108062744 ,0, -40 , 13.69406
701.0671238899231 ,0, -40 , 13.702985000000005
701.5505864620209 ,0, -40 , 13.697804999999995
702.0341265201569 ,0, -40 , 13.693115000000006
702.5181918144226 ,0, -40 , 13.693269999999998
702.9998507499695 ,0, -40 , 13.693204999999999
703.4836399555206 ,0, -40 , 13.693364999999993
703.9671347141266 ,0, -40 , 13.693714999999997
704.4504063129425 ,0, -40 , 13.693539999999999
704.9350781440735 ,0, -40 , 13.693165000000008
705.4166944026947 ,0, -40 , 13.693614999999994
705.8997404575348 ,0, -40 , 13.693729999999995
706.3845665454865 ,0, -40 , 13.693075
706.8665075302124 ,0, -40 , 13.693564999999992
707.350133895874 ,0, -40 , 13.693555000000003
707.8342878818512 ,0, -40 , 13.693920000000006
708.3168513774872 ,0, -40 , 13.693620000000003
