0.007835865020751953 ,0,NA, 97.91480000000001
0.3529813289642334 ,0,NA, 97.68405
0.8360064029693604 ,0,NA, 97.64675
1.3184268474578857 ,0,NA, 97.76975
1.803358554840088 ,0,NA, 97.78895
2.28460431098938 ,0,NA, 97.63714999999999
2.768181562423706 ,0,NA, 97.75089999999999
3.252262830734253 ,0,NA, 97.75880000000001
3.7350661754608154 ,0,NA, 97.8274
4.218597888946533 ,0,NA, 97.68575
4.701102018356323 ,0,NA, 97.69185
5.18420147895813 ,0,NA, 97.87395000000001
5.668731212615967 ,0,NA, 97.7144
6.151353597640991 ,0,NA, 97.7312
6.6346595287323 ,0,NA, 97.8162
7.117314577102661 ,0,NA, 97.6331
7.6030683517456055 ,0,NA, 97.78809999999999
8.083944082260132 ,0,NA, 97.7276
8.566709518432617 ,0,NA, 97.49215
9.050714492797852 ,0,NA, 97.7842
9.53485655784607 ,0,NA, 97.63870000000001
10.017505168914795 ,0,NA, 97.61189999999999
10.499709606170654 ,0,NA, 97.81705000000001
10.983644485473633 ,0,NA, 97.74945000000001
11.466769456863403 ,0,NA, 97.69595
11.949879884719849 ,0,NA, 97.82414999999999
12.433448076248169 ,0,NA, 97.48549999999999
12.916707515716553 ,0,NA, 97.84360000000001
13.401203393936157 ,0,NA, 97.78630000000001
13.883375406265259 ,0,NA, 97.70375
14.36658501625061 ,0,NA, 97.7422
14.849844217300415 ,0,NA, 97.57239999999999
15.333646535873413 ,0,NA, 97.5493
15.815267324447632 ,0,NA, 97.78954999999999
16.298901557922363 ,0,NA, 97.61340000000001
16.782682180404663 ,0,NA, 97.65205
17.267093896865845 ,0,NA, 97.71560000000001
17.749454736709595 ,0,NA, 97.5671
18.23196768760681 ,0,NA, 97.79375
18.71539878845215 ,0,NA, 97.4979
19.199096202850342 ,0,NA, 97.49620000000002
19.682398796081543 ,0,NA, 97.79095
20.16581439971924 ,0,NA, 97.65775000000001
20.648638010025024 ,0,NA, 97.61205
21.132930278778076 ,0,NA, 97.73649999999999
21.614911317825317 ,0,NA, 97.5976
22.097840309143066 ,0,NA, 97.7348
22.580854177474976 ,0,NA, 97.66505000000001
23.065210342407227 ,0,NA, 97.4608
23.547990798950195 ,0,NA, 97.78859999999999
24.031157732009888 ,0,NA, 97.49155
24.515129327774048 ,0,NA, 97.69834999999999
24.998490810394287 ,0,NA, 97.6577
25.48128914833069 ,0,NA, 97.49935
25.96456813812256 ,0,NA, 97.73055
26.447497129440308 ,0,NA, 97.46000000000001
26.930936813354492 ,0,NA, 97.6045
27.414870738983154 ,0,NA, 97.69525
27.89795732498169 ,0,NA, 97.61524999999999
28.380381107330322 ,0,NA, 97.66734999999998
28.86486315727234 ,0,NA, 97.65965
29.34687304496765 ,0,NA, 97.56965
29.830081939697266 ,0,NA, 97.64280000000001
30.313868045806885 ,0,NA, 97.60055
30.796884298324585 ,0,NA, 97.59495
31.284083127975464 ,0,NA, 97.72215
31.763072729110718 ,0,NA, 97.54315
32.2466926574707 ,0,NA, 97.75614999999999
32.731096267700195 ,0,NA, 97.65475
33.21300196647644 ,0,NA, 97.5195
33.696545362472534 ,0,NA, 97.6218
34.179829597473145 ,0,NA, 97.52069999999999
34.663206815719604 ,0,NA, 97.69695
35.14712190628052 ,0,NA, 97.52029999999999
35.629520654678345 ,0,NA, 97.47004999999999
36.11234402656555 ,0,NA, 97.72235
36.596744775772095 ,0,NA, 97.5195
37.0789999961853 ,0,NA, 97.58585
37.56194233894348 ,0,NA, 97.6296
38.045734882354736 ,0,NA, 97.48445000000001
38.52850413322449 ,0,NA, 97.6475
39.011555671691895 ,0,NA, 97.58690000000001
39.494852781295776 ,0,NA, 97.53854999999999
39.978782653808594 ,0,NA, 97.57365
40.46358871459961 ,0,NA, 97.60289999999999
40.94544577598572 ,0,NA, 97.59765
41.427973985672 ,0,NA, 97.73110000000001
41.911646127700806 ,0,NA, 97.5685
42.39500069618225 ,0,NA, 97.75055
42.87962055206299 ,0,NA, 97.38940000000001
43.36151909828186 ,0,NA, 97.58815
43.84466028213501 ,0,NA, 97.64045
44.3293240070343 ,0,NA, 97.4144
44.8115599155426 ,0,NA, 97.57605
45.2942111492157 ,0,NA, 97.64269999999999
45.77780365943909 ,0,NA, 97.63425000000001
46.26035404205322 ,0,NA, 97.69454999999999
46.74392795562744 ,0,NA, 97.5254
47.22762060165405 ,0,NA, 97.5361
47.710338830947876 ,0,NA, 97.6101
48.19544219970703 ,0,NA, 97.679
48.677329778671265 ,0,NA, 97.60485000000001
49.16070008277893 ,0,NA, 97.5436
49.643454790115356 ,0,NA, 97.53675
50.126826763153076 ,0,NA, 97.53775
50.60994029045105 ,0,NA, 97.4889
51.092307567596436 ,0,NA, 97.65915000000001
51.57716107368469 ,0,NA, 97.54855
52.061010122299194 ,0,NA, 97.43594999999999
52.54265570640564 ,0,NA, 97.57379999999999
53.02596139907837 ,0,NA, 97.46535
53.51064205169678 ,0,NA, 97.5881
53.992958545684814 ,0,NA, 97.55794999999999
54.47594094276428 ,0,NA, 97.48214999999999
54.961827993392944 ,0,NA, 97.59820000000002
55.4423770904541 ,0,NA, 97.51395000000001
55.92708706855774 ,0,NA, 97.71745
56.40873432159424 ,0,NA, 97.4866
56.89259457588196 ,0,NA, 97.52805
57.37630796432495 ,0,NA, 97.53205
57.85879349708557 ,0,NA, 97.61415
58.34201002120972 ,0,NA, 97.52685
58.82560420036316 ,0,NA, 97.52029999999999
59.30842971801758 ,0,NA, 97.57325
59.79299211502075 ,0,NA, 97.558
60.315831899642944 ,1, -20 , 97.4421
60.758413314819336 ,1, -20 , 97.54955
61.242483615875244 ,1, -20 , 97.53439999999999
61.72466731071472 ,1, -20 , 97.46745
62.208301067352295 ,1, -20 , 97.60714999999999
62.69125938415527 ,1, -20 , 97.44749999999999
63.17391324043274 ,1, -20 , 97.43645
63.65871548652649 ,1, -20 , 97.35775
64.140709400177 ,1, -20 , 97.5842
64.62370133399963 ,1, -20 , 97.43254999999999
65.10782074928284 ,1, -20 , 97.4315
65.59031915664673 ,1, -20 , 97.38980000000002
66.07369875907898 ,1, -20 , 97.35655
66.55717253684998 ,1, -20 , 97.5454
67.04020309448242 ,1, -20 , 97.4388
67.52508449554443 ,1, -20 , 97.45055
68.00703191757202 ,1, -20 , 97.44605
68.4898955821991 ,1, -20 , 97.53635
68.97328662872314 ,1, -20 , 97.54485
69.4563958644867 ,1, -20 , 97.49784999999999
69.93948483467102 ,1, -20 , 97.5391
70.42331218719482 ,1, -20 , 97.57305
70.90649008750916 ,1, -20 , 97.438
71.3905918598175 ,1, -20 , 97.42665000000001
71.87313914299011 ,1, -20 , 97.40569999999998
72.35565257072449 ,1, -20 , 97.32994999999998
72.83976364135742 ,1, -20 , 97.41839999999999
73.3227174282074 ,1, -20 , 97.48499999999999
73.80632305145264 ,1, -20 , 97.2979
74.2892279624939 ,1, -20 , 97.3992
74.77238273620605 ,1, -20 , 97.47365
75.25715065002441 ,1, -20 , 97.48320000000001
75.73900699615479 ,1, -20 , 97.3994
76.22210216522217 ,1, -20 , 97.44565
76.70517778396606 ,1, -20 , 97.32119999999999
77.18852925300598 ,1, -20 , 97.3822
77.67156672477722 ,1, -20 , 97.51609999999998
78.15541768074036 ,1, -20 , 97.47399999999999
78.64042043685913 ,1, -20 , 97.34724999999999
79.1227605342865 ,1, -20 , 97.4162
79.60511422157288 ,1, -20 , 97.334
80.08772659301758 ,1, -20 , 97.3073
80.57673692703247 ,0,NA, 97.42565
81.05466341972351 ,0,NA, 97.34914999999998
81.53839373588562 ,0,NA, 97.26559999999999
82.02166938781738 ,0,NA, 97.33670000000001
82.5034704208374 ,0,NA, 97.34065000000001
82.98752093315125 ,0,NA, 97.50215
83.47084426879883 ,0,NA, 97.42075
83.95388078689575 ,0,NA, 97.41075000000001
84.43864011764526 ,0,NA, 97.43095
84.92054605484009 ,0,NA, 97.23589999999999
85.40402460098267 ,0,NA, 97.41844999999999
85.88725066184998 ,0,NA, 97.43015000000001
86.37067008018494 ,0,NA, 97.37195
86.8545253276825 ,0,NA, 97.12665
87.33674621582031 ,0,NA, 97.48179999999999
87.8195116519928 ,0,NA, 97.44239999999999
88.30470180511475 ,0,NA, 97.44015
88.78729367256165 ,0,NA, 97.48415000000001
89.27034831047058 ,0,NA, 97.37020000000001
89.75353932380676 ,0,NA, 97.45075000000001
90.23627495765686 ,0,NA, 97.45075000000001
90.73099327087402 ,1, -19 , 97.22444999999999
91.20262098312378 ,1, -19 , 97.36824999999999
91.68625211715698 ,1, -19 , 97.38794999999999
92.17096257209778 ,1, -19 , 97.43455
92.65253329277039 ,1, -19 , 97.42099999999999
93.13531398773193 ,1, -19 , 97.2366
93.61851572990417 ,1, -19 , 97.43180000000001
94.10259246826172 ,1, -19 , 97.1972
94.58502507209778 ,1, -19 , 97.4098
95.06889867782593 ,1, -19 , 97.32275
95.5520532131195 ,1, -19 , 97.2713
96.03656148910522 ,1, -19 , 97.26110000000001
96.51840257644653 ,1, -19 , 97.40589999999999
97.00193285942078 ,1, -19 , 97.43714999999999
97.48486661911011 ,1, -19 , 97.19539999999999
97.9678385257721 ,1, -19 , 97.40939999999999
98.45204186439514 ,1, -19 , 97.21699999999998
98.93485689163208 ,1, -19 , 97.38045
99.4177234172821 ,1, -19 , 97.45575
99.90206241607666 ,1, -19 , 97.2297
100.38478016853333 ,1, -19 , 97.4326
100.8678891658783 ,1, -19 , 97.28924999999998
101.35134029388428 ,1, -19 , 97.3883
101.83400654792786 ,1, -19 , 97.33955
102.3214385509491 ,1, -19 , 97.16075
102.80032300949097 ,1, -19 , 97.36465
103.2839994430542 ,1, -19 , 97.27574999999999
103.76892709732056 ,1, -19 , 97.37709999999998
104.25086045265198 ,1, -19 , 97.14880000000001
104.73395657539368 ,1, -19 , 97.2726
105.21663403511047 ,1, -19 , 97.16770000000001
105.69993710517883 ,1, -19 , 97.2703
106.18399715423584 ,1, -19 , 97.4802
106.66734147071838 ,1, -19 , 97.19900000000001
107.15011525154114 ,1, -19 , 97.38154999999999
107.63460636138916 ,1, -19 , 97.24704999999999
108.11680579185486 ,1, -19 , 97.24375
108.59983539581299 ,1, -19 , 97.45330000000001
109.082843542099 ,1, -19 , 97.22720000000001
109.56605768203735 ,1, -19 , 97.40425000000002
110.05032300949097 ,1, -19 , 97.34595
110.5328164100647 ,1, -19 , 97.55739999999999
111.02099680900574 ,0,NA, 97.19759999999998
111.50055527687073 ,0,NA, 97.2661
111.98236298561096 ,0,NA, 97.5552
112.4661660194397 ,0,NA, 97.234
112.94871115684509 ,0,NA, 97.3244
113.43251252174377 ,0,NA, 97.2121
113.9169602394104 ,0,NA, 97.4804
114.39871120452881 ,0,NA, 97.42459999999998
114.88195729255676 ,0,NA, 97.31235
115.36575508117676 ,0,NA, 97.41444999999999
115.84781455993652 ,0,NA, 97.1206
116.33056020736694 ,0,NA, 97.41220000000001
116.81480574607849 ,0,NA, 97.2075
117.29794096946716 ,0,NA, 97.34599999999999
117.78214383125305 ,0,NA, 97.1648
118.26493191719055 ,0,NA, 97.12075
118.7474319934845 ,0,NA, 97.28645
119.23266434669495 ,0,NA, 97.13759999999999
119.71390295028687 ,0,NA, 97.40254999999999
120.19783067703247 ,0,NA, 97.19779999999999
120.68116927146912 ,0,NA, 97.31864999999999
121.17515134811401 ,1, -18 , 97.43604999999998
121.6475739479065 ,1, -18 , 97.13475
122.13014578819275 ,1, -18 , 97.25710000000001
122.61354875564575 ,1, -18 , 97.14880000000001
123.09807562828064 ,1, -18 , 97.497
123.57997465133667 ,1, -18 , 97.2253
124.06344199180603 ,1, -18 , 97.25300000000001
124.54665446281433 ,1, -18 , 97.23604999999999
125.02963352203369 ,1, -18 , 97.3237
125.51281952857971 ,1, -18 , 97.34199999999998
125.99821782112122 ,1, -18 , 97.11134999999999
126.47890949249268 ,1, -18 , 97.3836
126.96408176422119 ,1, -18 , 97.09030000000001
127.44626688957214 ,1, -18 , 97.36359999999999
127.92936444282532 ,1, -18 , 97.39124999999999
128.41287803649902 ,1, -18 , 97.1707
128.8954689502716 ,1, -18 , 97.55279999999999
129.38060641288757 ,1, -18 , 97.1441
129.86248779296875 ,1, -18 , 97.3466
130.34553694725037 ,1, -18 , 97.14779999999999
130.8299412727356 ,1, -18 , 97.3559
131.31235337257385 ,1, -18 , 97.1823
131.7949240207672 ,1, -18 , 97.2436
132.27901649475098 ,1, -18 , 97.22079999999998
132.76153445243835 ,1, -18 , 97.218
133.24655556678772 ,1, -18 , 97.2739
133.7283878326416 ,1, -18 , 97.22720000000001
134.21134209632874 ,1, -18 , 97.4066
134.69598078727722 ,1, -18 , 97.22459999999998
135.17813301086426 ,1, -18 , 97.2969
135.66130089759827 ,1, -18 , 97.23885
136.1448085308075 ,1, -18 , 97.21695000000001
136.62799620628357 ,1, -18 , 97.3765
137.11246275901794 ,1, -18 , 97.114
137.59379863739014 ,1, -18 , 97.174
138.07691526412964 ,1, -18 , 97.13935000000001
138.56176495552063 ,1, -18 , 97.13789999999999
139.04405665397644 ,1, -18 , 97.37995000000001
139.52688002586365 ,1, -18 , 97.14785
140.0101764202118 ,1, -18 , 97.32204999999999
140.49308800697327 ,1, -18 , 97.2097
140.978453874588 ,1, -18 , 97.44535
141.46460700035095 ,0,NA, 97.20159999999998
141.94319701194763 ,0,NA, 97.23564999999999
142.42803287506104 ,0,NA, 97.12934999999999
142.91005849838257 ,0,NA, 97.40010000000001
143.39200711250305 ,0,NA, 97.1093
143.8766508102417 ,0,NA, 97.08455
144.35902976989746 ,0,NA, 97.3461
144.84287071228027 ,0,NA, 97.09259999999999
145.3257429599762 ,0,NA, 97.49415
145.809730052948 ,0,NA, 97.12134999999998
146.29376649856567 ,0,NA, 97.29344999999999
146.77575159072876 ,0,NA, 97.2544
147.2589659690857 ,0,NA, 97.23225
147.74211239814758 ,0,NA, 97.31205
148.2250361442566 ,0,NA, 97.1854
148.70837211608887 ,0,NA, 97.37740000000001
149.19181752204895 ,0,NA, 97.0854
149.67751169204712 ,0,NA, 97.3474
150.1595377922058 ,0,NA, 97.31635
150.64182090759277 ,0,NA, 97.32165000000002
151.12539219856262 ,0,NA, 97.32000000000001
151.61808443069458 ,1, -17 , 97.23030000000001
152.0916874408722 ,1, -17 , 97.25125
152.57615852355957 ,1, -17 , 97.23085
153.05774474143982 ,1, -17 , 97.40845
153.54119849205017 ,1, -17 , 97.19260000000001
154.0254168510437 ,1, -17 , 97.24034999999999
154.5078010559082 ,1, -17 , 97.20265
154.9907727241516 ,1, -17 , 97.1986
155.4743628501892 ,1, -17 , 97.4004
155.9571180343628 ,1, -17 , 97.332
156.44224953651428 ,1, -17 , 97.4507
156.9236752986908 ,1, -17 , 97.17015
157.4066081047058 ,1, -17 , 97.33439999999999
157.89151167869568 ,1, -17 , 97.21145
158.373441696167 ,1, -17 , 97.36005
158.8566689491272 ,1, -17 , 97.2446
159.339834690094 ,1, -17 , 97.2595
159.82338404655457 ,1, -17 , 97.21790000000001
160.30710983276367 ,1, -17 , 97.14555
160.79024076461792 ,1, -17 , 97.4181
161.27270460128784 ,1, -17 , 97.1852
161.75732111930847 ,1, -17 , 97.38685
162.2390685081482 ,1, -17 , 97.23380000000002
162.72248435020447 ,1, -17 , 97.33794999999999
163.20582842826843 ,1, -17 , 97.2488
163.68841934204102 ,1, -17 , 97.3012
164.172949552536 ,1, -17 , 97.33125
164.6553213596344 ,1, -17 , 97.18589999999999
165.13902235031128 ,1, -17 , 97.25115
165.62306380271912 ,1, -17 , 97.20155000000001
166.10499572753906 ,1, -17 , 97.26995
166.58845233917236 ,1, -17 , 97.25675
167.07176685333252 ,1, -17 , 97.3371
167.55484461784363 ,1, -17 , 97.2421
168.03932070732117 ,1, -17 , 97.24895
168.5213611125946 ,1, -17 , 97.08075
169.00410866737366 ,1, -17 , 97.17280000000001
169.48841547966003 ,1, -17 , 97.19759999999998
169.9713568687439 ,1, -17 , 97.10860000000001
170.45423245429993 ,1, -17 , 97.2412
170.93740606307983 ,1, -17 , 97.24365
171.4210810661316 ,1, -17 , 97.26535
171.90996623039246 ,0,NA, 97.21940000000001
172.38785195350647 ,0,NA, 97.31235
172.87077164649963 ,0,NA, 97.36575
173.35626649856567 ,0,NA, 97.3502
173.83708429336548 ,0,NA, 97.16475
174.3198778629303 ,0,NA, 97.09345
174.80329775810242 ,0,NA, 97.40164999999999
175.2866930961609 ,0,NA, 97.1924
175.77167391777039 ,0,NA, 97.22325000000001
176.25302171707153 ,0,NA, 97.19935
176.7366383075714 ,0,NA, 97.24135
177.22004556655884 ,0,NA, 97.19295000000001
177.7033724784851 ,0,NA, 97.31725
178.18611574172974 ,0,NA, 97.27734999999998
178.66971683502197 ,0,NA, 97.30465000000001
179.1530373096466 ,0,NA, 97.20975
179.63755345344543 ,0,NA, 97.198
180.1196813583374 ,0,NA, 97.38170000000001
180.6024055480957 ,0,NA, 97.1532
181.08597373962402 ,0,NA, 97.24295
181.56915640830994 ,0,NA, 97.31115
182.06258344650269 ,1, -16 , 97.44980000000001
182.53570747375488 ,1, -16 , 97.23045000000002
183.0188217163086 ,1, -16 , 97.32249999999999
183.5032193660736 ,1, -16 , 97.18880000000001
183.9847855567932 ,1, -16 , 97.3506
184.46860480308533 ,1, -16 , 97.32234999999999
184.95181274414062 ,1, -16 , 97.23395000000001
185.43465542793274 ,1, -16 , 97.31244999999998
185.9183292388916 ,1, -16 , 97.12340000000002
186.40177965164185 ,1, -16 , 97.3144
186.88480854034424 ,1, -16 , 97.02425000000001
187.36915564537048 ,1, -16 , 97.22635
187.8513171672821 ,1, -16 , 97.1637
188.3347029685974 ,1, -16 , 97.21045000000001
188.81762266159058 ,1, -16 , 97.35480000000001
189.30145716667175 ,1, -16 , 97.18185
189.785715341568 ,1, -16 , 97.22415
190.2676236629486 ,1, -16 , 97.1575
190.75031399726868 ,1, -16 , 97.33344999999998
191.23543548583984 ,1, -16 , 97.1186
191.7169647216797 ,1, -16 , 97.32964999999999
192.20067954063416 ,1, -16 , 97.16645000000001
192.68368077278137 ,1, -16 , 97.38394999999998
193.16646218299866 ,1, -16 , 97.19759999999998
193.6504204273224 ,1, -16 , 97.33425
194.13310980796814 ,1, -16 , 97.37015
194.6166980266571 ,1, -16 , 97.25185
195.10048532485962 ,1, -16 , 97.1873
195.5831274986267 ,1, -16 , 97.21755
196.0667109489441 ,1, -16 , 97.1456
196.5488200187683 ,1, -16 , 97.1214
197.0349690914154 ,1, -16 , 97.1614
197.51566743850708 ,1, -16 , 97.2446
197.9997227191925 ,1, -16 , 97.40765
198.48197889328003 ,1, -16 , 97.2674
198.96691918373108 ,1, -16 , 97.34845000000001
199.44951677322388 ,1, -16 , 97.10234999999999
199.93242001533508 ,1, -16 , 97.23259999999999
200.41580891609192 ,1, -16 , 97.34015000000001
200.8984444141388 ,1, -16 , 97.3312
201.38200616836548 ,1, -16 , 97.29490000000001
201.86508584022522 ,1, -16 , 97.23164999999999
202.35389280319214 ,0,NA, 97.28639999999999
202.8334550857544 ,0,NA, 97.1741
203.3147747516632 ,0,NA, 97.22930000000001
203.79843950271606 ,0,NA, 97.07369999999999
204.28128576278687 ,0,NA, 97.30035000000001
204.76471853256226 ,0,NA, 97.1979
205.24820566177368 ,0,NA, 97.2216
205.7314989566803 ,0,NA, 97.19375000000001
206.2150902748108 ,0,NA, 97.2347
206.6995882987976 ,0,NA, 97.1132
207.18127584457397 ,0,NA, 97.1288
207.66468358039856 ,0,NA, 97.33045
208.14801955223083 ,0,NA, 97.26125000000002
208.63045525550842 ,0,NA, 97.30510000000001
209.11413049697876 ,0,NA, 97.14819999999999
209.59720587730408 ,0,NA, 97.29505
210.0805802345276 ,0,NA, 97.25285000000001
210.564954996109 ,0,NA, 97.3992
211.04755806922913 ,0,NA, 97.2602
211.5305962562561 ,0,NA, 97.28975
212.0140254497528 ,0,NA, 97.26810000000002
212.50772428512573 ,1, -15 , 97.34340000000002
212.980140209198 ,1, -15 , 97.29599999999999
213.4635088443756 ,1, -15 , 97.2012
213.94651865959167 ,1, -15 , 97.23114999999999
214.4307165145874 ,1, -15 , 97.18555
214.91343879699707 ,1, -15 , 97.3506
215.39583659172058 ,1, -15 , 97.26780000000001
215.8794071674347 ,1, -15 , 97.2026
216.3625419139862 ,1, -15 , 97.09214999999999
216.84653210639954 ,1, -15 , 97.27570000000001
217.3292214870453 ,1, -15 , 97.2367
217.81268072128296 ,1, -15 , 97.36635
218.29681634902954 ,1, -15 , 97.29959999999998
218.77892184257507 ,1, -15 , 97.41019999999999
219.2620666027069 ,1, -15 , 97.23835000000001
219.74590063095093 ,1, -15 , 97.14355000000002
220.22864937782288 ,1, -15 , 97.3171
220.71611547470093 ,1, -15 , 97.21355
221.19542002677917 ,1, -15 , 97.27279999999999
221.67868542671204 ,1, -15 , 97.169
222.16326665878296 ,1, -15 , 97.32260000000001
222.6448619365692 ,1, -15 , 97.3099
223.12815642356873 ,1, -15 , 97.35195000000002
223.6116588115692 ,1, -15 , 97.14865
224.09469962120056 ,1, -15 , 97.3104
224.5787706375122 ,1, -15 , 97.09544999999999
225.06187915802002 ,1, -15 , 97.36949999999999
225.5447027683258 ,1, -15 , 97.30884999999999
226.0287845134735 ,1, -15 , 97.37565000000001
226.51115942001343 ,1, -15 , 97.29845000000002
226.99422645568848 ,1, -15 , 97.30864999999999
227.47800421714783 ,1, -15 , 97.1731
227.96090364456177 ,1, -15 , 97.31745000000001
228.44506311416626 ,1, -15 , 97.3004
228.92720532417297 ,1, -15 , 97.2395
229.4106924533844 ,1, -15 , 97.35755
229.8948049545288 ,1, -15 , 97.20509999999999
230.37712788581848 ,1, -15 , 97.2072
230.86064648628235 ,1, -15 , 97.16135000000001
231.3432343006134 ,1, -15 , 97.27365
231.82664895057678 ,1, -15 , 97.2968
232.3112506866455 ,1, -15 , 97.36685
232.79564833641052 ,0,NA, 97.16555
233.27669286727905 ,0,NA, 97.31849999999999
233.76052904129028 ,0,NA, 97.17249999999999
234.24277639389038 ,0,NA, 97.33645
234.72588682174683 ,0,NA, 97.13085000000001
235.20902252197266 ,0,NA, 97.21445
235.69266772270203 ,0,NA, 97.19290000000001
236.17713975906372 ,0,NA, 97.25365000000002
236.65918231010437 ,0,NA, 97.3107
237.14218711853027 ,0,NA, 97.1311
237.6263108253479 ,0,NA, 97.32565
238.10867762565613 ,0,NA, 97.12795000000001
238.59252285957336 ,0,NA, 97.3028
239.07511496543884 ,0,NA, 97.17685
239.55837655067444 ,0,NA, 97.16895000000001
240.04265689849854 ,0,NA, 97.2163
240.52511310577393 ,0,NA, 97.2774
241.00856709480286 ,0,NA, 97.26214999999999
241.49123287200928 ,0,NA, 97.29599999999999
241.97460412979126 ,0,NA, 97.19275
242.4578869342804 ,0,NA, 97.3502
242.95052886009216 ,1, -14 , 97.20124999999999
243.42406821250916 ,1, -14 , 97.41025
243.90829968452454 ,1, -14 , 97.20479999999999
244.39322757720947 ,1, -14 , 97.26205
244.87369418144226 ,1, -14 , 97.33940000000001
245.35713982582092 ,1, -14 , 97.33940000000001
245.84077882766724 ,1, -14 , 97.27810000000001
246.32317519187927 ,1, -14 , 97.3481
246.80665135383606 ,1, -14 , 97.04509999999999
247.29018664360046 ,1, -14 , 97.16205
247.7743535041809 ,1, -14 , 97.2137
248.2563829421997 ,1, -14 , 97.255
248.73941946029663 ,1, -14 , 97.34519999999999
249.2227566242218 ,1, -14 , 97.12835
249.70585560798645 ,1, -14 , 97.3953
250.19116806983948 ,1, -14 , 97.36675000000001
250.67243099212646 ,1, -14 , 97.3686
251.1557834148407 ,1, -14 , 97.15265
251.64054131507874 ,1, -14 , 97.3724
252.12284469604492 ,1, -14 , 97.19505
252.60551142692566 ,1, -14 , 97.16925
253.0880868434906 ,1, -14 , 97.20204999999999
253.57210230827332 ,1, -14 , 97.2026
254.0570728778839 ,1, -14 , 97.0355
254.53830981254578 ,1, -14 , 97.39795
255.02186131477356 ,1, -14 , 97.2636
255.50508427619934 ,1, -14 , 97.27625
255.98851466178894 ,1, -14 , 97.14899999999999
256.4710199832916 ,1, -14 , 97.16545
256.95497727394104 ,1, -14 , 97.18475
257.4382326602936 ,1, -14 , 97.19455
257.9226484298706 ,1, -14 , 97.28240000000001
258.404415845871 ,1, -14 , 97.2361
258.88715839385986 ,1, -14 , 97.32254999999999
259.37131786346436 ,1, -14 , 97.21965
259.85403323173523 ,1, -14 , 97.29344999999999
260.33749651908875 ,1, -14 , 97.00379999999998
260.8208849430084 ,1, -14 , 97.20904999999999
261.3030824661255 ,1, -14 , 97.165
261.7888009548187 ,1, -14 , 97.40589999999999
262.2709777355194 ,1, -14 , 97.1856
262.75354647636414 ,1, -14 , 97.24915
263.24228072166443 ,0,NA, 97.21815
263.7206299304962 ,0,NA, 97.32415
264.20319509506226 ,0,NA, 97.16925
264.6883969306946 ,0,NA, 97.32294999999999
265.16980838775635 ,0,NA, 97.21394999999998
265.652645111084 ,0,NA, 97.3549
266.135582447052 ,0,NA, 97.21055
266.6188893318176 ,0,NA, 97.1654
267.1040918827057 ,0,NA, 97.14205
267.58654284477234 ,0,NA, 97.33455
268.07138228416443 ,0,NA, 97.2547
268.5533173084259 ,0,NA, 97.30175000000001
269.03536081314087 ,0,NA, 97.19735
269.51889848709106 ,0,NA, 97.41744999999999
270.00194787979126 ,0,NA, 97.26944999999999
270.48509073257446 ,0,NA, 97.3182
270.9697859287262 ,0,NA, 97.22245000000001
271.45233511924744 ,0,NA, 97.26665
271.9350001811981 ,0,NA, 97.21955
272.4198877811432 ,0,NA, 97.17569999999999
272.9014756679535 ,0,NA, 97.18755
273.39499020576477 ,1, -13 , 97.11895000000001
273.86901926994324 ,1, -13 , 97.30635000000001
274.35205817222595 ,1, -13 , 97.15675
274.83608508110046 ,1, -13 , 97.36385
275.3181195259094 ,1, -13 , 97.2908
275.80136489868164 ,1, -13 , 97.32735000000001
276.2855806350708 ,1, -13 , 97.16915000000002
276.76784467697144 ,1, -13 , 97.36500000000001
277.2509069442749 ,1, -13 , 97.20124999999999
277.7346901893616 ,1, -13 , 97.31615
278.21734857559204 ,1, -13 , 97.19005
278.70179080963135 ,1, -13 , 97.27505000000001
279.1842257976532 ,1, -13 , 97.0193
279.66733479499817 ,1, -13 , 97.2735
280.1515564918518 ,1, -13 , 97.26725
280.63362860679626 ,1, -13 , 97.415
281.11720037460327 ,1, -13 , 97.1961
281.5998685359955 ,1, -13 , 97.28564999999999
282.0833308696747 ,1, -13 , 97.1756
282.56800961494446 ,1, -13 , 97.3406
283.0505402088165 ,1, -13 , 97.22824999999999
283.5338201522827 ,1, -13 , 97.2841
284.01748847961426 ,1, -13 , 97.1243
284.50030064582825 ,1, -13 , 97.24465
284.98372077941895 ,1, -13 , 97.12765
285.46662163734436 ,1, -13 , 97.34165
285.94997382164 ,1, -13 , 97.3154
286.4339830875397 ,1, -13 , 97.18385
286.9166626930237 ,1, -13 , 97.21185000000001
287.3995006084442 ,1, -13 , 97.14665
287.884245634079 ,1, -13 , 97.19605
288.3662621974945 ,1, -13 , 97.2522
288.8494007587433 ,1, -13 , 97.215
289.33248353004456 ,1, -13 , 97.13880000000002
289.815625667572 ,1, -13 , 97.2799
290.29987955093384 ,1, -13 , 97.17875
290.78184962272644 ,1, -13 , 97.2296
291.26548409461975 ,1, -13 , 97.0612
291.75080370903015 ,1, -13 , 97.27125000000001
292.2322783470154 ,1, -13 , 97.28935
292.7152991294861 ,1, -13 , 97.2647
293.19842171669006 ,1, -13 , 97.06479999999999
293.68617606163025 ,0,NA, 97.27674999999999
294.1661331653595 ,0,NA, 97.16489999999999
294.64802527427673 ,0,NA, 97.26410000000001
295.1310920715332 ,0,NA, 97.09335000000002
295.6146810054779 ,0,NA, 97.30024999999999
296.0975241661072 ,0,NA, 97.2021
296.58071422576904 ,0,NA, 97.36664999999999
297.06469535827637 ,0,NA, 97.18170000000002
297.5473372936249 ,0,NA, 97.3516
298.0315589904785 ,0,NA, 97.0989
298.51434230804443 ,0,NA, 97.27895
298.99696683883667 ,0,NA, 97.17694999999999
299.4807493686676 ,0,NA, 97.35555000000001
299.9636027812958 ,0,NA, 97.1934
300.4466097354889 ,0,NA, 97.3487
300.9301087856293 ,0,NA, 97.11914999999999
301.41361904144287 ,0,NA, 97.31005000000002
301.89750266075134 ,0,NA, 97.13960000000002
302.37944197654724 ,0,NA, 97.2736
302.8631863594055 ,0,NA, 97.25789999999999
303.34627079963684 ,0,NA, 97.3543
303.83967304229736 ,1, -12 , 97.19900000000001
304.3125514984131 ,1, -12 , 97.2398
304.79591703414917 ,1, -12 , 97.21520000000001
305.2794404029846 ,1, -12 , 97.34859999999999
305.76314997673035 ,1, -12 , 97.08484999999999
306.2461004257202 ,1, -12 , 97.36635
306.7287108898163 ,1, -12 , 97.1577
307.212482213974 ,1, -12 , 97.3566
307.69568371772766 ,1, -12 , 97.20129999999999
308.1783592700958 ,1, -12 , 97.2965
308.66241979599 ,1, -12 , 97.22200000000001
309.1446301937103 ,1, -12 , 97.29249999999999
309.6292555332184 ,1, -12 , 97.19949999999999
310.1112859249115 ,1, -12 , 97.16915000000002
310.5941514968872 ,1, -12 , 97.25389999999999
311.0776381492615 ,1, -12 , 97.16770000000001
311.5611698627472 ,1, -12 , 97.3002
312.04437470436096 ,1, -12 , 97.22879999999999
312.5281744003296 ,1, -12 , 97.18569999999998
313.0115842819214 ,1, -12 , 97.27190000000002
313.49538493156433 ,1, -12 , 97.26939999999999
313.97726249694824 ,1, -12 , 97.26555
314.4606685638428 ,1, -12 , 97.2017
314.94413566589355 ,1, -12 , 97.1294
315.4302144050598 ,1, -12 , 97.25144999999999
315.91087889671326 ,1, -12 , 97.20075
316.39376759529114 ,1, -12 , 97.23075000000001
316.8768789768219 ,1, -12 , 97.2493
317.3609399795532 ,1, -12 , 97.18495
317.8429458141327 ,1, -12 , 97.1581
318.32685017585754 ,1, -12 , 97.31400000000001
318.81044244766235 ,1, -12 , 97.11855
319.29273080825806 ,1, -12 , 97.18055000000001
319.7767291069031 ,1, -12 , 97.22904999999999
320.25946974754333 ,1, -12 , 97.1971
320.74348974227905 ,1, -12 , 97.0332
321.2270550727844 ,1, -12 , 97.2105
321.70912408828735 ,1, -12 , 97.0026
322.1929187774658 ,1, -12 , 97.15535
322.6753919124603 ,1, -12 , 97.20725000000002
323.15890192985535 ,1, -12 , 97.16014999999999
323.6421010494232 ,1, -12 , 97.09989999999999
324.13074350357056 ,0,NA, 97.19525
324.6088581085205 ,0,NA, 97.17165
325.0936577320099 ,0,NA, 97.2561
325.5748255252838 ,0,NA, 97.1292
326.05810832977295 ,0,NA, 97.2851
326.5415692329407 ,0,NA, 97.19835
327.0252492427826 ,0,NA, 97.2805
327.50820088386536 ,0,NA, 96.99980000000002
327.99123191833496 ,0,NA, 97.1899
328.47467517852783 ,0,NA, 97.20509999999999
328.95954751968384 ,0,NA, 97.27399999999999
329.4409146308899 ,0,NA, 97.05885
329.92485761642456 ,0,NA, 97.18740000000001
330.40769720077515 ,0,NA, 97.16805
330.89089035987854 ,0,NA, 97.30590000000001
331.3744113445282 ,0,NA, 97.28645
331.85740065574646 ,0,NA, 97.19905
332.340660572052 ,0,NA, 97.18504999999999
332.82467675209045 ,0,NA, 97.1602
333.3073320388794 ,0,NA, 97.26689999999999
333.7904224395752 ,0,NA, 97.31605
334.2838170528412 ,1, -11 , 97.07235
334.7570695877075 ,1, -11 , 97.18209999999999
335.2402756214142 ,1, -11 , 97.24745
335.72362542152405 ,1, -11 , 97.21095
336.20615458488464 ,1, -11 , 97.26295
336.6914577484131 ,1, -11 , 97.16235
337.17283034324646 ,1, -11 , 97.06825
337.6566503047943 ,1, -11 , 97.242
338.1391463279724 ,1, -11 , 97.2474
338.62273812294006 ,1, -11 , 97.26989999999999
339.10959672927856 ,1, -11 , 97.2857
339.5892171859741 ,1, -11 , 97.1362
340.072140455246 ,1, -11 , 97.25529999999999
340.5570034980774 ,1, -11 , 97.2052
341.03881096839905 ,1, -11 , 97.03375000000001
341.52188539505005 ,1, -11 , 97.20509999999999
342.005717754364 ,1, -11 , 97.2633
342.4884626865387 ,1, -11 , 97.20230000000001
342.9725832939148 ,1, -11 , 97.1289
343.45508313179016 ,1, -11 , 97.21215
343.938036441803 ,1, -11 , 97.24730000000001
344.42302942276 ,1, -11 , 97.2095
344.9050283432007 ,1, -11 , 97.19345
345.3878376483917 ,1, -11 , 97.20275
345.8714578151703 ,1, -11 , 97.20420000000001
346.35486912727356 ,1, -11 , 97.2792
346.8390552997589 ,1, -11 , 97.3148
347.3205142021179 ,1, -11 , 97.2726
347.8040506839752 ,1, -11 , 97.232
348.28865671157837 ,1, -11 , 97.16735
348.7706844806671 ,1, -11 , 97.01095
349.2539253234863 ,1, -11 , 97.11425
349.73716473579407 ,1, -11 , 97.14290000000001
350.22018361091614 ,1, -11 , 97.18835000000001
350.70527815818787 ,1, -11 , 97.12995
351.1867051124573 ,1, -11 , 97.2637
351.6698181629181 ,1, -11 , 97.0828
352.15449047088623 ,1, -11 , 97.24075
352.6369960308075 ,1, -11 , 97.12800000000001
353.11972093582153 ,1, -11 , 97.07785
353.60315918922424 ,1, -11 , 97.36439999999999
354.08609318733215 ,1, -11 , 97.21735
354.57547903060913 ,0,NA, 97.21719999999999
355.0526924133301 ,0,NA, 97.21545
355.53581857681274 ,0,NA, 97.13235
356.0203821659088 ,0,NA, 97.0942
356.50193452835083 ,0,NA, 97.22225
356.9856421947479 ,0,NA, 97.21764999999999
357.4687237739563 ,0,NA, 97.20649999999999
357.9521372318268 ,0,NA, 97.193
358.4366626739502 ,0,NA, 97.3869
358.9185950756073 ,0,NA, 97.10294999999999
359.4021158218384 ,0,NA, 97.3549
359.8859739303589 ,0,NA, 97.2119
360.3684265613556 ,0,NA, 97.25025
360.8513505458832 ,0,NA, 97.14675000000001
361.3351249694824 ,0,NA, 97.27655
361.81834411621094 ,0,NA, 97.2483
362.302050113678 ,0,NA, 97.36865
362.7875499725342 ,0,NA, 97.19135
363.2681257724762 ,0,NA, 97.39985
363.7522792816162 ,0,NA, 97.20630000000001
364.2346758842468 ,0,NA, 97.3197
364.727454662323 ,1, -10 , 97.17545
365.2006254196167 ,1, -10 , 97.20094999999999
365.6840603351593 ,1, -10 , 97.11849999999998
366.168701171875 ,1, -10 , 97.398
366.6498489379883 ,1, -10 , 96.99425000000001
367.13376331329346 ,1, -10 , 97.39280000000001
367.61793994903564 ,1, -10 , 97.02595000000001
368.1007173061371 ,1, -10 , 97.26684999999999
368.58319091796875 ,1, -10 , 97.20084999999999
369.06638956069946 ,1, -10 , 97.3605
369.5501832962036 ,1, -10 , 97.15400000000001
370.03372383117676 ,1, -10 , 97.28514999999999
370.51603269577026 ,1, -10 , 97.1593
371.00000500679016 ,1, -10 , 97.21145
371.483927488327 ,1, -10 , 97.1767
371.9657299518585 ,1, -10 , 97.2055
372.44960856437683 ,1, -10 , 97.04805
372.93292355537415 ,1, -10 , 97.2372
373.41578125953674 ,1, -10 , 97.10605
373.8997685909271 ,1, -10 , 97.3191
374.3823390007019 ,1, -10 , 97.05545
374.86545848846436 ,1, -10 , 97.27795
375.3496928215027 ,1, -10 , 97.01870000000001
375.83170199394226 ,1, -10 , 97.27515
376.315185546875 ,1, -10 , 97.1526
376.79864478111267 ,1, -10 , 97.20479999999999
377.2818214893341 ,1, -10 , 97.12884999999999
377.76585960388184 ,1, -10 , 97.2581
378.2481861114502 ,1, -10 , 97.25099999999999
378.730947971344 ,1, -10 , 97.22079999999998
379.2161726951599 ,1, -10 , 97.1114
379.69780588150024 ,1, -10 , 97.20179999999999
380.1813921928406 ,1, -10 , 97.13119999999999
380.6642701625824 ,1, -10 , 97.26490000000001
381.14734840393066 ,1, -10 , 97.0024
381.6305606365204 ,1, -10 , 97.20365
382.1133916378021 ,1, -10 , 97.25129999999999
382.59735083580017 ,1, -10 , 97.14399999999999
383.0807626247406 ,1, -10 , 97.19025
383.56340050697327 ,1, -10 , 97.1967
384.0470051765442 ,1, -10 , 97.12875
384.53126406669617 ,1, -10 , 97.18565
385.0189108848572 ,0,NA, 97.2695
385.4965934753418 ,0,NA, 97.21515000000001
385.98023891448975 ,0,NA, 97.29274999999998
386.4660794734955 ,0,NA, 97.2192
386.9463243484497 ,0,NA, 97.43695000000001
387.4293899536133 ,0,NA, 97.10545000000002
387.9128897190094 ,0,NA, 97.17205
388.39731788635254 ,0,NA, 97.06625
388.8802185058594 ,0,NA, 97.28564999999999
389.3630290031433 ,0,NA, 97.1305
389.84719920158386 ,0,NA, 97.22574999999999
390.32886028289795 ,0,NA, 97.06849999999999
390.8120424747467 ,0,NA, 97.2752
391.29541516304016 ,0,NA, 97.07979999999999
391.77890968322754 ,0,NA, 97.34854999999999
392.26357650756836 ,0,NA, 97.0556
392.7453022003174 ,0,NA, 97.26
393.2280740737915 ,0,NA, 97.05829999999999
393.7125713825226 ,0,NA, 97.3201
394.19506764411926 ,0,NA, 97.142
394.67823362350464 ,0,NA, 97.22170000000001
395.1715486049652 ,1, -9 , 97.1098
395.6444981098175 ,1, -9 , 97.2776
396.1281900405884 ,1, -9 , 97.1136
396.611629486084 ,1, -9 , 97.18239999999999
397.0940103530884 ,1, -9 , 97.17949999999999
397.57942152023315 ,1, -9 , 97.29825000000001
398.06093859672546 ,1, -9 , 97.13009999999998
398.5439989566803 ,1, -9 , 97.1385
399.0274395942688 ,1, -9 , 97.06924999999998
399.5104033946991 ,1, -9 , 97.20330000000001
399.99504232406616 ,1, -9 , 97.201
400.47739911079407 ,1, -9 , 97.1956
400.9606726169586 ,1, -9 , 97.196
401.4449360370636 ,1, -9 , 97.09705
401.9271264076233 ,1, -9 , 97.16629999999999
402.41043877601624 ,1, -9 , 97.19025
402.8936891555786 ,1, -9 , 97.30475
403.37687611579895 ,1, -9 , 97.11875
403.8615894317627 ,1, -9 , 97.28125
404.3432013988495 ,1, -9 , 97.16640000000001
404.8260896205902 ,1, -9 , 97.3006
405.3102376461029 ,1, -9 , 97.03745000000002
405.7931523323059 ,1, -9 , 97.2792
406.2757649421692 ,1, -9 , 97.18485000000001
406.7593204975128 ,1, -9 , 97.3178
407.24262976646423 ,1, -9 , 97.12985
407.72681164741516 ,1, -9 , 97.28639999999999
408.20857667922974 ,1, -9 , 97.0447
408.69221925735474 ,1, -9 , 97.21719999999999
409.1766541004181 ,1, -9 , 97.10345
409.65882110595703 ,1, -9 , 97.1589
410.1441135406494 ,1, -9 , 96.98345000000002
410.62518763542175 ,1, -9 , 97.1945
411.1104528903961 ,1, -9 , 96.91365
411.5909333229065 ,1, -9 , 97.20509999999999
412.0740740299225 ,1, -9 , 96.99895000000001
412.5576581954956 ,1, -9 , 97.1718
413.0430645942688 ,1, -9 , 97.09955000000001
413.5238628387451 ,1, -9 , 97.1538
414.0101013183594 ,1, -9 , 97.20385
414.49242424964905 ,1, -9 , 97.21410000000002
414.97434067726135 ,1, -9 , 97.12315
415.46183490753174 ,0,NA, 97.2012
415.94039726257324 ,0,NA, 97.1344
416.4235384464264 ,0,NA, 97.20450000000001
416.90815830230713 ,0,NA, 97.286
417.39069962501526 ,0,NA, 97.19755
417.8726878166199 ,0,NA, 97.27965
418.35768127441406 ,0,NA, 97.20889999999999
418.8397843837738 ,0,NA, 97.42315
419.3232946395874 ,0,NA, 97.13145
419.806086063385 ,0,NA, 97.31620000000001
420.29015278816223 ,0,NA, 97.13565
420.774719953537 ,0,NA, 97.2534
421.2565906047821 ,0,NA, 97.18530000000001
421.7397758960724 ,0,NA, 97.32775
422.2245383262634 ,0,NA, 97.1596
422.7060809135437 ,0,NA, 97.38344999999998
423.1897258758545 ,0,NA, 97.22635
423.6724863052368 ,0,NA, 97.2633
424.15544176101685 ,0,NA, 97.30449999999999
424.63945269584656 ,0,NA, 97.21244999999999
425.12212443351746 ,0,NA, 97.15450000000001
425.61580324172974 ,1, -8 , 97.22395
426.0900046825409 ,1, -8 , 97.13815000000001
426.5708529949188 ,1, -8 , 97.20405000000001
427.05453610420227 ,1, -8 , 97.01410000000001
427.5383720397949 ,1, -8 , 97.19949999999999
428.0211670398712 ,1, -8 , 96.9405
428.5057146549225 ,1, -8 , 97.08590000000001
428.98783254623413 ,1, -8 , 97.14489999999999
429.47172832489014 ,1, -8 , 97.1866
429.9557430744171 ,1, -8 , 97.2368
430.4376184940338 ,1, -8 , 97.20195
430.92087483406067 ,1, -8 , 97.29400000000001
431.4042251110077 ,1, -8 , 97.15804999999999
431.88818311691284 ,1, -8 , 97.28645
432.37208795547485 ,1, -8 , 97.06005
432.8541283607483 ,1, -8 , 97.27445
433.3367803096771 ,1, -8 , 96.9462
433.8213813304901 ,1, -8 , 97.27324999999999
434.30435943603516 ,1, -8 , 97.09564999999999
434.78688621520996 ,1, -8 , 97.25795000000001
435.2698917388916 ,1, -8 , 97.13100000000001
435.75348830223083 ,1, -8 , 97.21014999999998
436.2383978366852 ,1, -8 , 96.92585
436.71984338760376 ,1, -8 , 97.23045000000002
437.2030220031738 ,1, -8 , 97.20509999999999
437.6899502277374 ,1, -8 , 97.18204999999999
438.1696674823761 ,1, -8 , 97.00245000000001
438.65293407440186 ,1, -8 , 97.21055
439.1361894607544 ,1, -8 , 97.17035000000001
439.61915469169617 ,1, -8 , 97.1967
440.1036944389343 ,1, -8 , 97.35530000000001
440.58577728271484 ,1, -8 , 97.06449999999998
441.06907296180725 ,1, -8 , 97.30084999999998
441.5533912181854 ,1, -8 , 97.12815000000002
442.03542399406433 ,1, -8 , 97.35120000000002
442.5195300579071 ,1, -8 , 97.1562
443.00168538093567 ,1, -8 , 97.28814999999999
443.4849886894226 ,1, -8 , 97.11259999999999
443.97003173828125 ,1, -8 , 97.13
444.45154190063477 ,1, -8 , 97.06875000000001
444.9346239566803 ,1, -8 , 97.209
445.4198799133301 ,1, -8 , 97.05165
445.90645599365234 ,0,NA, 97.1683
446.3844630718231 ,0,NA, 97.14885
446.86791253089905 ,0,NA, 97.15984999999999
447.3508653640747 ,0,NA, 97.2395
447.8356628417969 ,0,NA, 97.23114999999999
448.3172779083252 ,0,NA, 97.12415000000001
448.8011875152588 ,0,NA, 97.10115000000002
449.2857222557068 ,0,NA, 97.14564999999999
449.76726245880127 ,0,NA, 97.2174
450.25086855888367 ,0,NA, 97.23345
450.73396849632263 ,0,NA, 97.06920000000001
451.2166154384613 ,0,NA, 97.18115
451.70199608802795 ,0,NA, 97.1913
452.1837856769562 ,0,NA, 97.31615
452.66700410842896 ,0,NA, 97.08149999999999
453.15077018737793 ,0,NA, 97.24085
453.6334581375122 ,0,NA, 97.1537
454.11690974235535 ,0,NA, 97.31564999999999
454.5998024940491 ,0,NA, 96.98705000000001
455.08408880233765 ,0,NA, 97.27170000000001
455.56590604782104 ,0,NA, 96.87335000000002
456.0595407485962 ,1, -7 , 97.26635
456.5330810546875 ,1, -7 , 97.1067
457.01704478263855 ,1, -7 , 97.21224999999998
457.4990608692169 ,1, -7 , 97.11085000000001
457.98220109939575 ,1, -7 , 97.16045
458.46744537353516 ,1, -7 , 97.18025000000002
458.94932866096497 ,1, -7 , 97.14375
459.43263006210327 ,1, -7 , 97.15665
459.9159951210022 ,1, -7 , 96.91495
460.3985028266907 ,1, -7 , 97.2128
460.8825719356537 ,1, -7 , 97.17305
461.36804842948914 ,1, -7 , 97.24885
461.8481431007385 ,1, -7 , 97.03509999999999
462.3331799507141 ,1, -7 , 97.20355
462.81487488746643 ,1, -7 , 96.9278
463.298202753067 ,1, -7 , 97.31495
463.7823097705841 ,1, -7 , 96.99934999999999
464.26476788520813 ,1, -7 , 97.31810000000002
464.7483127117157 ,1, -7 , 97.18204999999999
465.23088550567627 ,1, -7 , 97.32085000000001
465.71371841430664 ,1, -7 , 97.12625000000001
466.19869923591614 ,1, -7 , 97.20385
466.6807277202606 ,1, -7 , 97.03105
467.1641175746918 ,1, -7 , 97.20975
467.64773750305176 ,1, -7 , 97.12775
468.1304316520691 ,1, -7 , 97.17264999999999
468.6150395870209 ,1, -7 , 97.0587
469.09727811813354 ,1, -7 , 97.12355000000001
469.57997012138367 ,1, -7 , 97.33445
470.06422543525696 ,1, -7 , 97.14675000000001
470.547167301178 ,1, -7 , 97.1067
471.03072357177734 ,1, -7 , 96.93674999999999
471.51356506347656 ,1, -7 , 97.2841
471.9962544441223 ,1, -7 , 97.07875000000001
472.4807004928589 ,1, -7 , 97.1827
472.9624366760254 ,1, -7 , 97.07490000000001
473.4453692436218 ,1, -7 , 97.28075
473.93033623695374 ,1, -7 , 97.16489999999999
474.4119641780853 ,1, -7 , 97.21065
474.8962571620941 ,1, -7 , 97.1322
475.3796920776367 ,1, -7 , 97.14359999999999
475.8625326156616 ,1, -7 , 97.0163
476.3519854545593 ,0,NA, 97.1281
476.82901215553284 ,0,NA, 97.30054999999999
477.3124120235443 ,0,NA, 97.10849999999999
477.795343875885 ,0,NA, 97.23524999999998
478.2788956165314 ,0,NA, 96.9784
478.76185846328735 ,0,NA, 97.31575000000001
479.2449457645416 ,0,NA, 97.12875
479.72837591171265 ,0,NA, 97.32175000000001
480.2131702899933 ,0,NA, 97.12745
480.69522190093994 ,0,NA, 97.20645
481.17776703834534 ,0,NA, 97.01155
481.66165566444397 ,0,NA, 97.3178
482.144802570343 ,0,NA, 97.0791
482.6275517940521 ,0,NA, 97.17649999999999
483.1106572151184 ,0,NA, 97.06245
483.5961766242981 ,0,NA, 97.10430000000001
484.0788917541504 ,0,NA, 97.17135
484.5613145828247 ,0,NA, 97.14065
485.04620885849 ,0,NA, 97.05734999999999
485.52789521217346 ,0,NA, 97.13510000000001
486.01100039482117 ,0,NA, 97.23975
486.5013380050659 ,1, -6 , 97.1918
486.97663617134094 ,1, -6 , 97.27875000000002
487.46036314964294 ,1, -6 , 96.97525
487.9443881511688 ,1, -6 , 97.13759999999999
488.42688274383545 ,1, -6 , 97.12845000000002
488.91030168533325 ,1, -6 , 97.17445
489.39518308639526 ,1, -6 , 97.1797
489.8762583732605 ,1, -6 , 97.28235000000001
490.359500169754 ,1, -6 , 97.10125000000001
490.84317350387573 ,1, -6 , 97.25484999999999
491.32613468170166 ,1, -6 , 97.07289999999999
491.8108949661255 ,1, -6 , 97.19539999999999
492.29228138923645 ,1, -6 , 97.31564999999999
492.7754602432251 ,1, -6 , 97.19200000000001
493.26029539108276 ,1, -6 , 97.10780000000001
493.7423994541168 ,1, -6 , 96.99855
494.22600769996643 ,1, -6 , 97.26810000000002
494.7085335254669 ,1, -6 , 97.0506
495.1925039291382 ,1, -6 , 97.27050000000001
495.67649698257446 ,1, -6 , 96.98219999999999
496.1586489677429 ,1, -6 , 97.196
496.64175152778625 ,1, -6 , 96.94364999999999
497.1261155605316 ,1, -6 , 97.33525
497.6094949245453 ,1, -6 , 97.01619999999998
498.09113335609436 ,1, -6 , 97.24595000000001
498.5745437145233 ,1, -6 , 97.11525
499.05856680870056 ,1, -6 , 97.034
499.54267859458923 ,1, -6 , 97.10324999999999
500.0250356197357 ,1, -6 , 97.06410000000001
500.50812816619873 ,1, -6 , 97.2207
500.9923183917999 ,1, -6 , 97.16605
501.4742913246155 ,1, -6 , 97.18440000000001
501.9579801559448 ,1, -6 , 97.13705
502.440664768219 ,1, -6 , 97.2991
502.92378973960876 ,1, -6 , 96.89555
503.4069633483887 ,1, -6 , 97.28215
503.8902485370636 ,1, -6 , 96.94085000000001
504.373610496521 ,1, -6 , 97.2522
504.8581347465515 ,1, -6 , 97.08695
505.33957266807556 ,1, -6 , 97.2209
505.82327103614807 ,1, -6 , 97.24315
506.30715322494507 ,1, -6 , 97.11325
506.79469895362854 ,0,NA, 97.0876
507.274174451828 ,0,NA, 97.18595
507.7565448284149 ,0,NA, 97.26719999999999
508.2395794391632 ,0,NA, 97.11125
508.7261574268341 ,0,NA, 97.1979
509.20618772506714 ,0,NA, 96.92105
509.6889202594757 ,0,NA, 97.1958
510.17220067977905 ,0,NA, 96.94505
510.6561186313629 ,0,NA, 97.16640000000001
511.14019680023193 ,0,NA, 97.07865
511.62216567993164 ,0,NA, 97.2443
512.1053793430328 ,0,NA, 96.93655
512.5896782875061 ,0,NA, 97.1576
513.0720462799072 ,0,NA, 97.12865
513.55473279953 ,0,NA, 97.20655
514.0386772155762 ,0,NA, 97.06265
514.5221259593964 ,0,NA, 97.20025000000001
515.0064659118652 ,0,NA, 97.29090000000001
515.4878084659576 ,0,NA, 97.04505000000002
515.9708187580109 ,0,NA, 97.15455
516.4556694030762 ,0,NA, 96.98450000000001
516.9488043785095 ,1, -5 , 97.25009999999999
517.420774936676 ,1, -5 , 97.0951
517.9049780368805 ,1, -5 , 97.255
518.3879237174988 ,1, -5 , 96.86300000000001
518.8725101947784 ,1, -5 , 97.175
519.3537757396698 ,1, -5 , 97.01514999999999
519.8377017974854 ,1, -5 , 97.2121
520.3215193748474 ,1, -5 , 97.1448
520.8036978244781 ,1, -5 , 97.11419999999998
521.2879610061646 ,1, -5 , 97.1145
521.7717156410217 ,1, -5 , 97.13880000000002
522.2542827129364 ,1, -5 , 97.16805
522.7371416091919 ,1, -5 , 96.87795000000001
523.2202651500702 ,1, -5 , 97.19155
523.7035946846008 ,1, -5 , 96.9228
524.1877737045288 ,1, -5 , 97.2542
524.6699829101562 ,1, -5 , 96.98355000000001
525.1533706188202 ,1, -5 , 97.1716
525.6373708248138 ,1, -5 , 96.9715
526.119327545166 ,1, -5 , 97.20044999999999
526.6024303436279 ,1, -5 , 96.98584999999999
527.0862102508545 ,1, -5 , 97.19165000000001
527.5693161487579 ,1, -5 , 97.09065000000001
528.0534243583679 ,1, -5 , 97.1231
528.5355520248413 ,1, -5 , 97.258
529.018669128418 ,1, -5 , 97.18010000000001
529.5029520988464 ,1, -5 , 97.27525000000001
529.9853847026825 ,1, -5 , 97.16465000000001
530.4687523841858 ,1, -5 , 97.19640000000001
530.9513700008392 ,1, -5 , 96.8546
531.434389591217 ,1, -5 , 97.14385000000001
531.919851064682 ,1, -5 , 97.012
532.4037818908691 ,1, -5 , 97.13199999999999
532.8846120834351 ,1, -5 , 97.052
533.367918252945 ,1, -5 , 97.18845
533.8511497974396 ,1, -5 , 97.1355
534.3346037864685 ,1, -5 , 96.94925
534.8182184696198 ,1, -5 , 97.2069
535.3009045124054 ,1, -5 , 97.01490000000001
535.7859408855438 ,1, -5 , 97.20065
536.2678744792938 ,1, -5 , 96.9527
536.7506647109985 ,1, -5 , 97.2289
537.2383308410645 ,0,NA, 97.06259999999999
537.7178382873535 ,0,NA, 97.18694999999998
538.2019016742706 ,0,NA, 97.08225000000002
538.683678150177 ,0,NA, 97.2296
539.1669600009918 ,0,NA, 97.04485000000001
539.6517677307129 ,0,NA, 97.19120000000001
540.1338729858398 ,0,NA, 97.10704999999999
540.6165885925293 ,0,NA, 96.95459999999999
541.1000790596008 ,0,NA, 97.2496
541.5839371681213 ,0,NA, 96.97845
542.0668580532074 ,0,NA, 97.31505
542.549720287323 ,0,NA, 97.0996
543.0324802398682 ,0,NA, 97.21470000000001
543.516937494278 ,0,NA, 97.01500000000001
543.9990730285645 ,0,NA, 97.14295
544.4825744628906 ,0,NA, 97.0454
544.9657335281372 ,0,NA, 96.99719999999999
545.4493937492371 ,0,NA, 96.91045
545.9337406158447 ,0,NA, 97.12229999999998
546.4160716533661 ,0,NA, 97.18795
546.89861369133 ,0,NA, 97.15825
547.3928399085999 ,1, -4 , 97.11295
547.8656680583954 ,1, -4 , 96.93249999999999
548.3482508659363 ,1, -4 , 97.20835
548.8320853710175 ,1, -4 , 97.0099
549.3150718212128 ,1, -4 , 97.26175
549.7998337745667 ,1, -4 , 96.998
550.2818508148193 ,1, -4 , 97.17425
550.7648668289185 ,1, -4 , 97.1228
551.2483775615692 ,1, -4 , 97.2204
551.7316284179688 ,1, -4 , 97.10155
552.2142608165741 ,1, -4 , 96.99034999999999
552.6977558135986 ,1, -4 , 97.08935000000001
553.1813342571259 ,1, -4 , 97.03349999999999
553.66508436203 ,1, -4 , 97.21284999999999
554.1471326351166 ,1, -4 , 96.88335000000001
554.6305429935455 ,1, -4 , 97.23505
555.1139404773712 ,1, -4 , 96.90115000000002
555.5965366363525 ,1, -4 , 97.09994999999999
556.0833764076233 ,1, -4 , 97.03195
556.563805103302 ,1, -4 , 97.05099999999999
557.0468876361847 ,1, -4 , 96.97945000000001
557.5311100482941 ,1, -4 , 97.06224999999999
558.0131273269653 ,1, -4 , 97.07785
558.4962418079376 ,1, -4 , 97.06175
558.9813523292542 ,1, -4 , 97.2382
559.4629089832306 ,1, -4 , 97.03654999999999
559.9458363056183 ,1, -4 , 97.11134999999999
560.4296545982361 ,1, -4 , 96.95665
560.9125108718872 ,1, -4 , 97.0784
561.395681142807 ,1, -4 , 96.99375
561.8789236545563 ,1, -4 , 97.07890000000002
562.3628227710724 ,1, -4 , 96.89095
562.8474607467651 ,1, -4 , 97.16005
563.3286168575287 ,1, -4 , 97.15675
563.8119602203369 ,1, -4 , 97.01589999999999
564.2962696552277 ,1, -4 , 97.2636
564.7791790962219 ,1, -4 , 97.01645
565.2615208625793 ,1, -4 , 97.2043
565.7449250221252 ,1, -4 , 96.9393
566.228048324585 ,1, -4 , 97.10855000000001
566.7127542495728 ,1, -4 , 96.93579999999999
567.1948654651642 ,1, -4 , 97.1961
567.6836585998535 ,0,NA, 96.85375
568.1626555919647 ,0,NA, 97.16230000000002
568.6445615291595 ,0,NA, 97.187
569.1281819343567 ,0,NA, 97.0966
569.6115181446075 ,0,NA, 97.10905000000001
570.0938146114349 ,0,NA, 97.01029999999999
570.5790069103241 ,0,NA, 97.177
571.0611112117767 ,0,NA, 96.9256
571.5442039966583 ,0,NA, 97.14575
572.0278699398041 ,0,NA, 96.87050000000002
572.5107038021088 ,0,NA, 97.3116
572.9940438270569 ,0,NA, 97.02704999999999
573.4766957759857 ,0,NA, 97.21319999999999
573.9601624011993 ,0,NA, 97.03920000000001
574.4439907073975 ,0,NA, 96.98800000000001
574.9268548488617 ,0,NA, 97.02140000000001
575.40971326828 ,0,NA, 97.05049999999999
575.8928725719452 ,0,NA, 97.11355
576.3769683837891 ,0,NA, 97.1189
576.8591742515564 ,0,NA, 97.26915
577.3433327674866 ,0,NA, 97.08975
577.8357181549072 ,1, -3 , 97.23345
578.3107011318207 ,1, -3 , 97.1195
578.7925634384155 ,1, -3 , 97.20020000000001
579.275960445404 ,1, -3 , 97.01775
579.7610657215118 ,1, -3 , 97.10095000000001
580.2419002056122 ,1, -3 , 97.07039999999999
580.7248423099518 ,1, -3 , 96.9626
581.2087438106537 ,1, -3 , 97.14595000000001
581.6916501522064 ,1, -3 , 96.81195
582.1766912937164 ,1, -3 , 97.20665
582.6583495140076 ,1, -3 , 97.00705
583.1417617797852 ,1, -3 , 97.16439999999999
583.6248791217804 ,1, -3 , 96.91335
584.1082715988159 ,1, -3 , 97.01915
584.5915422439575 ,1, -3 , 96.9908
585.075008392334 ,1, -3 , 97.05185
585.5577940940857 ,1, -3 , 97.24399999999999
586.0424091815948 ,1, -3 , 97.15724999999999
586.524195432663 ,1, -3 , 97.26944999999999
587.0074949264526 ,1, -3 , 97.03395000000002
587.4908061027527 ,1, -3 , 97.23734999999999
587.974104642868 ,1, -3 , 97.16195
588.457578420639 ,1, -3 , 97.2924
588.94087266922 ,1, -3 , 96.97975000000001
589.4238245487213 ,1, -3 , 97.09325
589.9084103107452 ,1, -3 , 96.95195
590.390079498291 ,1, -3 , 97.09155
590.8737187385559 ,1, -3 , 97.20655
591.3561894893646 ,1, -3 , 97.05865
591.8394966125488 ,1, -3 , 97.12769999999999
592.3230633735657 ,1, -3 , 96.86710000000001
592.8061521053314 ,1, -3 , 97.30115
593.2893750667572 ,1, -3 , 96.86875
593.7740776538849 ,1, -3 , 97.20215
594.2557282447815 ,1, -3 , 96.9658
594.7396569252014 ,1, -3 , 97.00425
595.2224357128143 ,1, -3 , 97.14235
595.7064163684845 ,1, -3 , 97.13525
596.1888012886047 ,1, -3 , 97.14880000000001
596.6720359325409 ,1, -3 , 96.9948
597.1557505130768 ,1, -3 , 97.15
597.6402304172516 ,1, -3 , 97.0617
598.1267664432526 ,0,NA, 97.24669999999999
598.6049718856812 ,0,NA, 97.06315000000001
599.0891199111938 ,0,NA, 97.15895000000002
599.572117805481 ,0,NA, 97.0759
600.0553252696991 ,0,NA, 97.1352
600.5378320217133 ,0,NA, 97.00325000000001
601.0212392807007 ,0,NA, 97.0167
601.5060188770294 ,0,NA, 97.13725
601.9882001876831 ,0,NA, 96.94394999999999
602.4718713760376 ,0,NA, 97.11965
602.954726934433 ,0,NA, 96.89564999999999
603.4398663043976 ,0,NA, 97.13294999999998
603.9224538803101 ,0,NA, 97.03864999999999
604.4042012691498 ,0,NA, 97.15564999999998
604.8876810073853 ,0,NA, 96.99394999999998
605.3719890117645 ,0,NA, 97.1281
605.8546266555786 ,0,NA, 97.1195
606.337217092514 ,0,NA, 97.11315
606.821103811264 ,0,NA, 97.25565
607.3035280704498 ,0,NA, 97.03280000000001
607.7887363433838 ,0,NA, 97.1442
608.2805047035217 ,1, -2 , 96.89925000000001
608.7536060810089 ,1, -2 , 97.08295
609.23841547966 ,1, -2 , 96.81165
609.7197461128235 ,1, -2 , 97.05715000000001
610.2034366130829 ,1, -2 , 97.0623
610.686131477356 ,1, -2 , 97.06224999999999
611.1700801849365 ,1, -2 , 97.07145000000001
611.6528327465057 ,1, -2 , 97.0491
612.1360096931458 ,1, -2 , 97.00410000000001
612.6197345256805 ,1, -2 , 96.9454
613.1036591529846 ,1, -2 , 97.1741
613.5859081745148 ,1, -2 , 96.91929999999999
614.0693275928497 ,1, -2 , 97.17725000000002
614.552463054657 ,1, -2 , 96.93830000000001
615.0356810092926 ,1, -2 , 97.17415000000001
615.5190851688385 ,1, -2 , 97.0948
616.0018861293793 ,1, -2 , 97.11769999999999
616.4849898815155 ,1, -2 , 97.16225
616.9700660705566 ,1, -2 , 96.82735
617.4514973163605 ,1, -2 , 97.24225
617.9347767829895 ,1, -2 , 96.98195
618.4184560775757 ,1, -2 , 97.09549999999999
618.901605129242 ,1, -2 , 97.11385
619.3848006725311 ,1, -2 , 97.06585
619.8677911758423 ,1, -2 , 96.91769999999998
620.3508517742157 ,1, -2 , 97.10525000000001
620.8351528644562 ,1, -2 , 97.06240000000001
621.3189594745636 ,1, -2 , 97.09514999999999
621.8012547492981 ,1, -2 , 97.18765
622.2848310470581 ,1, -2 , 97.00945
622.7673261165619 ,1, -2 , 97.15885
623.2506427764893 ,1, -2 , 96.92424999999999
623.7334628105164 ,1, -2 , 97.1845
624.2170488834381 ,1, -2 , 96.85255000000001
624.7014667987823 ,1, -2 , 97.09179999999999
625.183180809021 ,1, -2 , 97.2638
625.6670007705688 ,1, -2 , 97.11715000000001
626.149658203125 ,1, -2 , 97.28354999999999
626.632805109024 ,1, -2 , 96.91235
627.1201338768005 ,1, -2 , 97.21965
627.5999212265015 ,1, -2 , 96.951
628.0828666687012 ,1, -2 , 97.20630000000001
628.5724053382874 ,0,NA, 96.9066
629.0496919155121 ,0,NA, 97.11325
629.5330100059509 ,0,NA, 97.21525
630.015949010849 ,0,NA, 97.0342
630.4995775222778 ,0,NA, 97.11845000000001
630.9816324710846 ,0,NA, 96.9041
631.4652824401855 ,0,NA, 97.20595
631.9487390518188 ,0,NA, 96.88085
632.4334075450897 ,0,NA, 97.24669999999999
632.914733171463 ,0,NA, 96.97424999999998
633.3985657691956 ,0,NA, 97.06395
633.8827826976776 ,0,NA, 96.98085
634.3647811412811 ,0,NA, 97.00225
634.8478736877441 ,0,NA, 97.21560000000001
635.3313174247742 ,0,NA, 96.9963
635.8144898414612 ,0,NA, 97.141
636.2985882759094 ,0,NA, 96.97155
636.7808492183685 ,0,NA, 97.1136
637.2640907764435 ,0,NA, 97.0282
637.7482466697693 ,0,NA, 97.14845
638.2303991317749 ,0,NA, 97.10624999999999
638.7263712882996 ,1, -1 , 96.87185
639.1975865364075 ,1, -1 , 97.17055
639.6797268390656 ,1, -1 , 96.9154
640.1645352840424 ,1, -1 , 97.08845000000001
640.6473214626312 ,1, -1 , 96.86769999999999
641.1301054954529 ,1, -1 , 97.13475
641.6143672466278 ,1, -1 , 96.94215
642.0962226390839 ,1, -1 , 97.24799999999999
642.5792424678802 ,1, -1 , 97.02935000000001
643.0628542900085 ,1, -1 , 97.14240000000001
643.5451896190643 ,1, -1 , 97.06875000000001
644.0310611724854 ,1, -1 , 96.88845
644.5129678249359 ,1, -1 , 97.03835
644.9956505298615 ,1, -1 , 96.89985
645.4799122810364 ,1, -1 , 97.05685
645.9625151157379 ,1, -1 , 96.89544999999998
646.4460532665253 ,1, -1 , 97.09925000000001
646.929196357727 ,1, -1 , 97.01805000000002
647.4127731323242 ,1, -1 , 97.09935
647.8959212303162 ,1, -1 , 97.1624
648.3787803649902 ,1, -1 , 96.86185
648.8619680404663 ,1, -1 , 97.19245000000001
649.3462665081024 ,1, -1 , 96.95914999999998
649.8280253410339 ,1, -1 , 97.11685000000001
650.3110222816467 ,1, -1 , 96.80794999999999
650.7972023487091 ,1, -1 , 97.173
651.277042388916 ,1, -1 , 96.95174999999999
651.7625005245209 ,1, -1 , 97.21175
652.24449634552 ,1, -1 , 96.98535000000001
652.728030204773 ,1, -1 , 96.98845
653.2112529277802 ,1, -1 , 97.1939
653.6945705413818 ,1, -1 , 96.871
654.1770579814911 ,1, -1 , 97.18495
654.6606910228729 ,1, -1 , 97.04825000000001
655.1436853408813 ,1, -1 , 97.09670000000001
655.6282608509064 ,1, -1 , 96.92044999999999
656.1101279258728 ,1, -1 , 97.12445000000001
656.5937521457672 ,1, -1 , 96.98129999999999
657.0764915943146 ,1, -1 , 97.06975
657.5597817897797 ,1, -1 , 97.02475000000001
658.0432596206665 ,1, -1 , 97.06665000000001
658.5264613628387 ,1, -1 , 97.19474999999998
659.0147109031677 ,0,NA, 96.99945000000001
659.4940001964569 ,0,NA, 97.164
659.9766597747803 ,0,NA, 96.9424
660.459855556488 ,0,NA, 97.11675
660.9429614543915 ,0,NA, 97.18910000000001
661.4256184101105 ,0,NA, 97.18679999999999
661.9093000888824 ,0,NA, 97.10480000000001
662.392397403717 ,0,NA, 96.93260000000001
662.8755278587341 ,0,NA, 97.20410000000001
663.3604917526245 ,0,NA, 96.95454999999998
663.8426570892334 ,0,NA, 97.01989999999999
664.3259992599487 ,0,NA, 97.02735
664.8087174892426 ,0,NA, 97.00155000000001
665.2912809848785 ,0,NA, 97.0762
665.7753758430481 ,0,NA, 96.9791
666.2583158016205 ,0,NA, 96.92965
666.7414586544037 ,0,NA, 97.04705
667.2265675067902 ,0,NA, 97.1175
667.7084274291992 ,0,NA, 96.95985
668.1908054351807 ,0,NA, 97.05465
668.6759879589081 ,0,NA, 96.90185
669.1673152446747 ,1, 0 , 96.98685
669.6417269706726 ,1, 0 , 96.93265
670.1241362094879 ,1, 0 , 97.02385
670.6079404354095 ,1, 0 , 97.15390000000001
671.091325044632 ,1, 0 , 96.91789999999999
671.5742435455322 ,1, 0 , 97.16629999999999
672.0568046569824 ,1, 0 , 96.9666
672.5415606498718 ,1, 0 , 97.1915
673.0231759548187 ,1, 0 , 97.0471
673.5065796375275 ,1, 0 , 96.94160000000001
673.9902255535126 ,1, 0 , 97.1037
674.4755847454071 ,1, 0 , 96.86240000000001
674.95667719841 ,1, 0 , 97.29244999999999
675.4397382736206 ,1, 0 , 96.8243
675.9227480888367 ,1, 0 , 97.1055
676.4074296951294 ,1, 0 , 96.94914999999999
676.8894238471985 ,1, 0 , 97.08935000000001
677.3731827735901 ,1, 0 , 97.08739999999999
677.8562886714935 ,1, 0 , 97.05499999999999
678.3383002281189 ,1, 0 , 97.01440000000001
678.8229904174805 ,1, 0 , 96.913
679.3056170940399 ,1, 0 , 97.0904
679.7889323234558 ,1, 0 , 96.78750000000001
680.2730808258057 ,1, 0 , 97.12625000000001
680.7556943893433 ,1, 0 , 97.03414999999998
681.2383577823639 ,1, 0 , 97.09994999999999
681.7222590446472 ,1, 0 , 97.12405
682.2054207324982 ,1, 0 , 97.11255000000001
682.6879479885101 ,1, 0 , 97.06829999999998
683.1716675758362 ,1, 0 , 96.80455
683.6551315784454 ,1, 0 , 96.91365
684.1389875411987 ,1, 0 , 96.84935
684.6212062835693 ,1, 0 , 97.21325
685.1043338775635 ,1, 0 , 97.01975
685.5891289710999 ,1, 0 , 97.18625
686.0714190006256 ,1, 0 , 97.20645
686.55357670784 ,1, 0 , 96.91575000000002
687.0374865531921 ,1, 0 , 97.13215
687.5209209918976 ,1, 0 , 96.83930000000001
688.0047180652618 ,1, 0 , 97.0514
688.4874165058136 ,1, 0 , 96.9027
688.9700531959534 ,1, 0 , 97.02794999999999
689.4573471546173 ,0,NA, 96.88795
689.9369852542877 ,0,NA, 96.99145
690.4199430942535 ,0,NA, 97.0139
690.9033217430115 ,0,NA, 96.85445000000001
691.3867883682251 ,0,NA, 97.16819999999998
691.8709101676941 ,0,NA, 96.92184999999999
692.353212594986 ,0,NA, 97.10879999999999
692.8367381095886 ,0,NA, 96.98070000000001
693.3197753429413 ,0,NA, 97.06939999999999
693.8025600910187 ,0,NA, 97.00835000000001
694.2865419387817 ,0,NA, 96.86959999999999
694.7695546150208 ,0,NA, 96.99299999999998
695.2527165412903 ,0,NA, 96.90035000000002
695.7369122505188 ,0,NA, 97.05064999999999
696.2191472053528 ,0,NA, 97.0488
696.7024557590485 ,0,NA, 97.25825
697.1856937408447 ,0,NA, 96.9088
697.6687021255493 ,0,NA, 96.95979999999999
698.1559062004089 ,0,NA, 96.91560000000001
698.6355051994324 ,0,NA, 97.07289999999999
699.1182661056519 ,0,NA, 97.10640000000001
699.6134278774261 ,1, 1 , 96.99005
700.0851764678955 ,1, 1 , 97.23429999999999
700.5685639381409 ,1, 1 , 96.93530000000001
701.0517978668213 ,1, 1 , 97.12830000000001
701.5347213745117 ,1, 1 , 96.8109
702.0179355144501 ,1, 1 , 97.13714999999999
702.5006597042084 ,1, 1 , 96.93325000000002
702.9843435287476 ,1, 1 , 96.97005
703.4687323570251 ,1, 1 , 97.15344999999999
703.950032711029 ,1, 1 , 96.9292
704.4338414669037 ,1, 1 , 97.22945
704.9169962406158 ,1, 1 , 96.89475
705.4000971317291 ,1, 1 , 97.0582
705.8833255767822 ,1, 1 , 96.9727
706.3668074607849 ,1, 1 , 97.00200000000001
706.8498208522797 ,1, 1 , 96.98299999999999
707.3331019878387 ,1, 1 , 96.8612
707.8168754577637 ,1, 1 , 97.16465000000001
708.2996413707733 ,1, 1 , 96.94115000000001
708.7840795516968 ,1, 1 , 97.04
709.2661678791046 ,1, 1 , 96.81129999999999
709.7492437362671 ,1, 1 , 97.1038
710.2342150211334 ,1, 1 , 96.92264999999999
710.7163450717926 ,1, 1 , 96.96765
711.1996150016785 ,1, 1 , 96.99575
711.6825616359711 ,1, 1 , 96.8699
712.165479183197 ,1, 1 , 97.109
712.6500227451324 ,1, 1 , 96.90445000000001
713.1328473091125 ,1, 1 , 97.01465
713.6150166988373 ,1, 1 , 97.00360000000002
714.0996491909027 ,1, 1 , 96.90894999999999
714.5824570655823 ,1, 1 , 97.1387
715.0649559497833 ,1, 1 , 97.08145
715.5489745140076 ,1, 1 , 97.06425000000002
716.032341003418 ,1, 1 , 96.93204999999999
716.515576839447 ,1, 1 , 96.98450000000001
716.9988210201263 ,1, 1 , 96.921
717.4808123111725 ,1, 1 , 97.05954999999999
717.9640588760376 ,1, 1 , 97.1038
718.4475884437561 ,1, 1 , 96.96334999999999
718.9304280281067 ,1, 1 , 97.03280000000001
719.4146718978882 ,1, 1 , 96.8132
719.9026734828949 ,0,NA, 97.05114999999999
720.3821978569031 ,0,NA, 96.97494999999999
720.8643853664398 ,0,NA, 96.97310000000002
721.3476040363312 ,0,NA, 96.82755
721.8334412574768 ,0,NA, 97.14189999999999
722.3139073848724 ,0,NA, 97.03349999999999
722.7970447540283 ,0,NA, 96.88784999999999
723.2793443202972 ,0,NA, 97.0234
723.7638852596283 ,0,NA, 96.80284999999999
724.2476677894592 ,0,NA, 97.1327
724.7297811508179 ,0,NA, 96.90065000000001
725.213151216507 ,0,NA, 96.9337
725.696700334549 ,0,NA, 97.0085
726.1793990135193 ,0,NA, 96.88799999999999
726.6629049777985 ,0,NA, 97.14854999999999
727.1457731723785 ,0,NA, 96.92435
727.6293551921844 ,0,NA, 97.14525
728.1143550872803 ,0,NA, 96.87675
728.5959565639496 ,0,NA, 97.06525
729.0787272453308 ,0,NA, 96.91860000000001
729.5624413490295 ,0,NA, 97.06164999999999
730.0560121536255 ,1, 2 , 97.0854
730.5291574001312 ,1, 2 , 96.95635
731.0118596553802 ,1, 2 , 96.95585
731.4950215816498 ,1, 2 , 96.7891
731.9793696403503 ,1, 2 , 97.21055
732.4609758853912 ,1, 2 , 97.00485
732.9448750019073 ,1, 2 , 97.00144999999999
733.4282388687134 ,1, 2 , 97.038
733.9114944934845 ,1, 2 , 96.92975000000001
734.3943374156952 ,1, 2 , 97.14454999999998
734.8779265880585 ,1, 2 , 96.9664
735.3614552021027 ,1, 2 , 96.9289
735.845134973526 ,1, 2 , 96.87605
736.3272204399109 ,1, 2 , 97.13284999999999
736.8111379146576 ,1, 2 , 96.95660000000001
737.294506072998 ,1, 2 , 96.86149999999999
737.777724981308 ,1, 2 , 96.99759999999999
738.2619271278381 ,1, 2 , 96.8631
738.7438230514526 ,1, 2 , 97.0423
739.2273545265198 ,1, 2 , 96.77045
739.7121059894562 ,1, 2 , 97.06235000000001
740.1936564445496 ,1, 2 , 96.91080000000001
740.6764571666718 ,1, 2 , 97.11265
741.1602246761322 ,1, 2 , 97.10689999999998
741.6430418491364 ,1, 2 , 97.04995
742.1271796226501 ,1, 2 , 96.98889999999999
742.6103184223175 ,1, 2 , 96.8899
743.0933120250702 ,1, 2 , 97.1294
743.5774278640747 ,1, 2 , 96.84375
744.0599019527435 ,1, 2 , 96.97804999999998
744.543000459671 ,1, 2 , 97.00574999999999
745.0266311168671 ,1, 2 , 96.91035000000001
745.5124552249908 ,1, 2 , 96.97690000000001
745.9921567440033 ,1, 2 , 96.89920000000001
746.476051568985 ,1, 2 , 97.09864999999999
746.9591262340546 ,1, 2 , 96.89774999999999
747.4439842700958 ,1, 2 , 96.97630000000001
747.9258003234863 ,1, 2 , 96.96340000000001
748.4086124897003 ,1, 2 , 97.0476
748.8925268650055 ,1, 2 , 97.1284
749.3756282329559 ,1, 2 , 96.91425
749.8583722114563 ,1, 2 , 97.1726
750.346467256546 ,0,NA, 96.81079999999999
750.8246848583221 ,0,NA, 96.9924
751.3092350959778 ,0,NA, 96.94585
751.7910504341125 ,0,NA, 96.8785
752.2749993801117 ,0,NA, 96.92245000000001
752.7579035758972 ,0,NA, 96.88404999999999
753.2407472133636 ,0,NA, 97.0814
753.7245149612427 ,0,NA, 96.97064999999999
754.2073154449463 ,0,NA, 97.063
754.6909184455872 ,0,NA, 96.80755
755.1753273010254 ,0,NA, 96.92295
755.6570873260498 ,0,NA, 97.06224999999999
756.1404547691345 ,0,NA, 97.0301
756.623940706253 ,0,NA, 97.13504999999999
757.1070764064789 ,0,NA, 96.87209999999999
757.5904273986816 ,0,NA, 97.0463
758.0740575790405 ,0,NA, 96.94709999999999
758.5567574501038 ,0,NA, 96.90125
759.0410969257355 ,0,NA, 96.9986
759.5231099128723 ,0,NA, 96.82585
760.0058608055115 ,0,NA, 96.98859999999999
760.5003645420074 ,1, 3 , 96.82155000000002
760.9729163646698 ,1, 3 , 96.96225
761.4570224285126 ,1, 3 , 96.8508
761.9397604465485 ,1, 3 , 97.03575
762.4227142333984 ,1, 3 , 96.90285
762.9062924385071 ,1, 3 , 96.9319
763.3886089324951 ,1, 3 , 97.06099999999999
763.8719747066498 ,1, 3 , 96.77565000000001
764.3559010028839 ,1, 3 , 96.9718
764.8392624855042 ,1, 3 , 96.9185
765.3232975006104 ,1, 3 , 96.9791
765.8059904575348 ,1, 3 , 96.86179999999999
766.2881820201874 ,1, 3 , 97.0745
766.7725899219513 ,1, 3 , 96.94435
767.2548146247864 ,1, 3 , 96.78395
767.7384526729584 ,1, 3 , 97.09149999999998
768.2220649719238 ,1, 3 , 96.8056
768.704422712326 ,1, 3 , 96.91434999999998
769.1910929679871 ,1, 3 , 96.84645
769.6714522838593 ,1, 3 , 96.87304999999999
770.154771566391 ,1, 3 , 97.0602
770.6382060050964 ,1, 3 , 96.85624999999999
771.1211149692535 ,1, 3 , 97.08935000000001
771.604406118393 ,1, 3 , 96.93155
772.0875723361969 ,1, 3 , 97.11054999999999
772.5711538791656 ,1, 3 , 96.83965
773.0553541183472 ,1, 3 , 97.0007
773.5374426841736 ,1, 3 , 96.93880000000001
774.0202176570892 ,1, 3 , 96.8776
774.5040323734283 ,1, 3 , 97.0147
774.9864575862885 ,1, 3 , 96.80290000000001
775.4701027870178 ,1, 3 , 96.9715
775.9533197879791 ,1, 3 , 96.91855
776.4369828701019 ,1, 3 , 96.92145000000001
776.9207925796509 ,1, 3 , 96.9064
777.4030890464783 ,1, 3 , 96.86864999999999
777.8866276741028 ,1, 3 , 96.9799
778.3702707290649 ,1, 3 , 96.85419999999999
778.8534631729126 ,1, 3 , 96.98495
779.3360126018524 ,1, 3 , 96.87780000000001
779.8186218738556 ,1, 3 , 96.94715
780.3026988506317 ,1, 3 , 97.1003
780.7927620410919 ,0,NA, 96.94409999999999
781.2687668800354 ,0,NA, 97.06415
781.7524054050446 ,0,NA, 96.89445
782.2368278503418 ,0,NA, 97.07719999999999
782.7191154956818 ,0,NA, 96.88945
783.2018327713013 ,0,NA, 96.94715
783.6857228279114 ,0,NA, 96.88265
784.1687104701996 ,0,NA, 96.83975
784.6536936759949 ,0,NA, 96.97690000000001
785.135372877121 ,0,NA, 96.8045
785.6185727119446 ,0,NA, 97.03904999999999
786.1031675338745 ,0,NA, 96.8865
786.5844924449921 ,0,NA, 97.01405000000001
787.0684685707092 ,0,NA, 96.9969
787.5511949062347 ,0,NA, 96.92309999999999
788.0339753627777 ,0,NA, 97.02684999999998
788.5194272994995 ,0,NA, 96.83295000000001
789.0011005401611 ,0,NA, 97.07105
789.4841854572296 ,0,NA, 96.7634
789.9684309959412 ,0,NA, 96.79189999999998
790.4509129524231 ,0,NA, 96.86909999999999
