0.009133338928222656 ,0,NA, 96.10045
0.43991851806640625 ,0,NA, 96.06844999999998
0.9243080615997314 ,0,NA, 96.19105
1.406712293624878 ,0,NA, 96.1693
1.8902409076690674 ,0,NA, 96.3264
2.372673988342285 ,0,NA, 96.06985
2.856504440307617 ,0,NA, 96.04164999999999
3.3407695293426514 ,0,NA, 96.0036
3.8222784996032715 ,0,NA, 96.31295
4.30590033531189 ,0,NA, 96.08250000000001
4.789725065231323 ,0,NA, 96.06105
5.272897958755493 ,0,NA, 95.95655000000001
5.756030559539795 ,0,NA, 96.24730000000001
6.2405383586883545 ,0,NA, 96.10689999999998
6.72218918800354 ,0,NA, 95.9643
7.206219434738159 ,0,NA, 96.0322
7.688741207122803 ,0,NA, 96.164
8.172889232635498 ,0,NA, 96.2082
8.656667947769165 ,0,NA, 96.1751
9.13900113105774 ,0,NA, 96.02545
9.622532844543457 ,0,NA, 96.06615000000001
10.106799125671387 ,0,NA, 96.08075
10.589121103286743 ,0,NA, 96.0303
11.071227550506592 ,0,NA, 96.02825000000001
11.55565333366394 ,0,NA, 96.0956
12.038963794708252 ,0,NA, 96.13009999999998
12.523495435714722 ,0,NA, 96.22115
13.004624843597412 ,0,NA, 96.23195
13.488205909729004 ,0,NA, 96.21395000000001
13.972973585128784 ,0,NA, 96.098
14.454352855682373 ,0,NA, 96.17
14.938412427902222 ,0,NA, 96.022
15.422019243240356 ,0,NA, 96.2803
15.904351949691772 ,0,NA, 96.17295000000001
16.387674808502197 ,0,NA, 96.1849
16.87120532989502 ,0,NA, 96.1343
17.354339122772217 ,0,NA, 96.25945
17.839279651641846 ,0,NA, 96.15505
18.320717573165894 ,0,NA, 96.01745000000001
18.804770708084106 ,0,NA, 96.16409999999999
19.287317037582397 ,0,NA, 96.13045
19.7709379196167 ,0,NA, 96.1096
20.254444360733032 ,0,NA, 96.084
20.737245321273804 ,0,NA, 96.09065
21.2208194732666 ,0,NA, 96.18075000000002
21.70590901374817 ,0,NA, 96.13435000000001
22.187318325042725 ,0,NA, 96.21060000000001
22.670937061309814 ,0,NA, 96.142
23.154244422912598 ,0,NA, 96.18645000000001
23.6373610496521 ,0,NA, 96.14465
24.11995553970337 ,0,NA, 96.09179999999999
24.603912830352783 ,0,NA, 96.06819999999999
25.08725357055664 ,0,NA, 95.94385
25.57169270515442 ,0,NA, 96.1337
26.05363893508911 ,0,NA, 96.21300000000001
26.536614179611206 ,0,NA, 96.13255
27.020749807357788 ,0,NA, 96.1557
27.503501892089844 ,0,NA, 96.11435
27.987937927246094 ,0,NA, 96.20715
28.470503330230713 ,0,NA, 96.06479999999999
28.953455924987793 ,0,NA, 96.09640000000002
29.43755555152893 ,0,NA, 96.13480000000001
29.92029881477356 ,0,NA, 96.12150000000001
30.403159618377686 ,0,NA, 96.0922
30.886306285858154 ,0,NA, 96.1829
31.369709014892578 ,0,NA, 96.17390000000002
31.853034734725952 ,0,NA, 96.10625
32.33664155006409 ,0,NA, 96.0785
32.81967067718506 ,0,NA, 96.00479999999999
33.30461812019348 ,0,NA, 96.18415
33.786898612976074 ,0,NA, 95.9168
34.27003860473633 ,0,NA, 96.0625
34.75309228897095 ,0,NA, 96.0099
35.23680233955383 ,0,NA, 96.17445
35.7199068069458 ,0,NA, 96.0145
36.202404499053955 ,0,NA, 96.25985000000001
36.6863009929657 ,0,NA, 96.1686
37.17064952850342 ,0,NA, 96.27704999999999
37.65276050567627 ,0,NA, 96.05635000000001
38.13615322113037 ,0,NA, 96.1413
38.61901497840881 ,0,NA, 96.1515
39.10265374183655 ,0,NA, 96.14575
39.5866379737854 ,0,NA, 96.0958
40.0696587562561 ,0,NA, 95.95565
40.551984786987305 ,0,NA, 95.9885
41.03657293319702 ,0,NA, 96.16420000000001
41.519089698791504 ,0,NA, 95.96120000000002
42.002620697021484 ,0,NA, 96.16435
42.48556184768677 ,0,NA, 96.13024999999999
42.96882963180542 ,0,NA, 96.19895
43.452208280563354 ,0,NA, 96.1713
43.93535351753235 ,0,NA, 96.14465
44.41829299926758 ,0,NA, 96.14535
44.90283250808716 ,0,NA, 96.2241
45.385820627212524 ,0,NA, 96.04675
45.86881065368652 ,0,NA, 96.16145
46.351643323898315 ,0,NA, 96.04350000000001
46.83550429344177 ,0,NA, 96.2154
47.3180296421051 ,0,NA, 96.09644999999999
47.8020977973938 ,0,NA, 96.07229999999998
48.28528952598572 ,0,NA, 95.9938
48.76978039741516 ,0,NA, 96.25954999999999
49.252076387405396 ,0,NA, 95.94485000000002
49.7351450920105 ,0,NA, 96.13940000000001
50.21867299079895 ,0,NA, 96.27795
50.70099186897278 ,0,NA, 96.1961
51.18505072593689 ,0,NA, 95.9912
51.66777229309082 ,0,NA, 96.0878
52.152058124542236 ,0,NA, 96.11155
52.636125564575195 ,0,NA, 96.2372
53.117664098739624 ,0,NA, 96.14569999999999
53.60081219673157 ,0,NA, 96.0974
54.08576202392578 ,0,NA, 96.07905000000001
54.567800521850586 ,0,NA, 96.10259999999998
55.05131816864014 ,0,NA, 96.0987
55.53510785102844 ,0,NA, 96.1169
56.01717805862427 ,0,NA, 96.09495
56.50226020812988 ,0,NA, 96.24289999999999
56.98467469215393 ,0,NA, 96.01619999999998
57.467483043670654 ,0,NA, 96.13504999999999
57.95114517211914 ,0,NA, 96.06755
58.434765577316284 ,0,NA, 96.35560000000001
58.91737461090088 ,0,NA, 95.96940000000001
59.4004909992218 ,0,NA, 95.96969999999999
59.88421010971069 ,0,NA, 96.12285
60.39600205421448 ,1, -20 , 96.286
60.85046625137329 ,1, -20 , 96.0201
61.333468437194824 ,1, -20 , 96.08535
61.81745195388794 ,1, -20 , 96.0977
62.30007576942444 ,1, -20 , 96.038
62.7836811542511 ,1, -20 , 96.08739999999999
63.267138719558716 ,1, -20 , 96.0696
63.750168323516846 ,1, -20 , 96.07315
64.23439383506775 ,1, -20 , 96.27555000000001
64.7175498008728 ,1, -20 , 95.927
65.20009851455688 ,1, -20 , 96.10279999999999
65.68407869338989 ,1, -20 , 96.06039999999999
66.1665289402008 ,1, -20 , 96.20760000000001
66.64977669715881 ,1, -20 , 95.9791
67.13289260864258 ,1, -20 , 96.04620000000001
67.61642575263977 ,1, -20 , 96.03395
68.1008403301239 ,1, -20 , 96.15539999999999
68.58301663398743 ,1, -20 , 96.08065
69.06622385978699 ,1, -20 , 96.00435
69.54933714866638 ,1, -20 , 96.0552
70.0335283279419 ,1, -20 , 96.33065
70.51595115661621 ,1, -20 , 96.26425
70.99991703033447 ,1, -20 , 96.02300000000001
71.48274540901184 ,1, -20 , 96.10974999999998
71.96733140945435 ,1, -20 , 96.26405
72.44900178909302 ,1, -20 , 96.05810000000001
72.93236088752747 ,1, -20 , 96.15955
73.41704106330872 ,1, -20 , 96.05099999999999
73.89930891990662 ,1, -20 , 96.12769999999999
74.38224172592163 ,1, -20 , 96.0542
74.86550402641296 ,1, -20 , 96.0196
75.34873080253601 ,1, -20 , 96.0887
75.83340334892273 ,1, -20 , 96.23570000000001
76.31579399108887 ,1, -20 , 96.15295
76.79933023452759 ,1, -20 , 96.1497
77.28407740592957 ,1, -20 , 96.02520000000001
77.76545143127441 ,1, -20 , 96.24844999999999
78.24859547615051 ,1, -20 , 96.12395000000001
78.73237371444702 ,1, -20 , 96.0899
79.21498346328735 ,1, -20 , 96.04339999999999
79.70015859603882 ,1, -20 , 96.2815
80.18192648887634 ,1, -20 , 96.15415
80.67048454284668 ,0,NA, 96.0629
81.14935207366943 ,0,NA, 96.02399999999999
81.63192367553711 ,0,NA, 96.3113
82.11480903625488 ,0,NA, 96.09655000000001
82.59831357002258 ,0,NA, 96.32455
83.08172607421875 ,0,NA, 96.12249999999999
83.56460189819336 ,0,NA, 96.064
84.04821133613586 ,0,NA, 96.16694999999999
84.5313925743103 ,0,NA, 96.14394999999999
85.01530647277832 ,0,NA, 96.0466
85.49794602394104 ,0,NA, 96.11195000000001
85.98145842552185 ,0,NA, 96.19749999999999
86.4661283493042 ,0,NA, 95.90899999999999
86.94783282279968 ,0,NA, 96.12705000000001
87.43043494224548 ,0,NA, 96.1515
87.9142894744873 ,0,NA, 96.13905
88.39791369438171 ,0,NA, 96.0332
88.88160228729248 ,0,NA, 96.06665000000001
89.36417722702026 ,0,NA, 96.05709999999999
89.84728598594666 ,0,NA, 96.15610000000001
90.33227562904358 ,0,NA, 96.1433
90.82556390762329 ,1, -19 , 96.16629999999999
91.29757356643677 ,1, -19 , 96.16489999999999
91.7804605960846 ,1, -19 , 96.16185000000002
92.26427102088928 ,1, -19 , 96.07205
92.74841260910034 ,1, -19 , 96.0862
93.23124361038208 ,1, -19 , 96.27665
93.7135157585144 ,1, -19 , 96.20665
94.19848728179932 ,1, -19 , 96.15679999999999
94.68023610115051 ,1, -19 , 96.01245
95.16405439376831 ,1, -19 , 96.04574999999998
95.64693212509155 ,1, -19 , 96.17405
96.13068842887878 ,1, -19 , 96.04574999999998
96.61491394042969 ,1, -19 , 96.02695
97.09720349311829 ,1, -19 , 96.13754999999999
97.58055090904236 ,1, -19 , 96.1965
98.06436371803284 ,1, -19 , 96.1724
98.54657459259033 ,1, -19 , 96.0279
99.02915644645691 ,1, -19 , 96.0188
99.51243042945862 ,1, -19 , 96.26149999999998
99.99646592140198 ,1, -19 , 96.11675
100.48096871376038 ,1, -19 , 96.01239999999999
100.96378135681152 ,1, -19 , 96.14815
101.44625616073608 ,1, -19 , 96.22985
101.93038511276245 ,1, -19 , 96.0099
102.41267991065979 ,1, -19 , 96.05709999999999
102.89606261253357 ,1, -19 , 96.17145
103.37995648384094 ,1, -19 , 96.3087
103.86319065093994 ,1, -19 , 96.16089999999998
104.34762287139893 ,1, -19 , 96.07229999999998
104.82945394515991 ,1, -19 , 96.02435
105.3127191066742 ,1, -19 , 96.13115
105.79710268974304 ,1, -19 , 96.04265
106.27959966659546 ,1, -19 , 96.15675
106.76264190673828 ,1, -19 , 96.12575
107.24541902542114 ,1, -19 , 96.13785000000001
107.72903275489807 ,1, -19 , 96.10964999999999
108.2136058807373 ,1, -19 , 96.0307
108.69627642631531 ,1, -19 , 96.11
109.17913269996643 ,1, -19 , 96.2768
109.66373324394226 ,1, -19 , 96.02319999999999
110.14635276794434 ,1, -19 , 96.0324
110.62929105758667 ,1, -19 , 96.02444999999999
111.11732983589172 ,0,NA, 95.93735000000001
111.59532237052917 ,0,NA, 96.15830000000001
112.08041667938232 ,0,NA, 96.08805
112.56276154518127 ,0,NA, 96.05669999999998
113.04577779769897 ,0,NA, 96.21725
113.53039932250977 ,0,NA, 96.30555000000001
114.01205945014954 ,0,NA, 96.13135000000001
114.49526572227478 ,0,NA, 96.01760000000002
114.97835731506348 ,0,NA, 96.07160000000002
115.46190619468689 ,0,NA, 96.22404999999999
115.94717741012573 ,0,NA, 96.06164999999999
116.4287462234497 ,0,NA, 96.17150000000001
116.9126353263855 ,0,NA, 96.11355
117.39713263511658 ,0,NA, 96.0911
117.87801766395569 ,0,NA, 96.0745
118.36182689666748 ,0,NA, 96.07635
118.84632849693298 ,0,NA, 96.20575
119.32833433151245 ,0,NA, 96.13929999999999
119.8119912147522 ,0,NA, 95.99839999999999
120.29488253593445 ,0,NA, 96.1846
120.77866983413696 ,0,NA, 96.17
121.27268075942993 ,1, -18 , 96.28995
121.74538516998291 ,1, -18 , 96.1213
122.22819828987122 ,1, -18 , 96.071
122.71222805976868 ,1, -18 , 96.04185
123.19445967674255 ,1, -18 , 95.94465000000001
123.67877340316772 ,1, -18 , 96.03859999999999
124.16226553916931 ,1, -18 , 96.1206
124.64488410949707 ,1, -18 , 96.14715000000001
125.12817215919495 ,1, -18 , 96.17185
125.61158227920532 ,1, -18 , 96.1073
126.09455442428589 ,1, -18 , 96.15125
126.57952928543091 ,1, -18 , 96.07755
127.06128478050232 ,1, -18 , 96.22619999999999
127.54431366920471 ,1, -18 , 96.1416
128.02872467041016 ,1, -18 , 96.1427
128.51100611686707 ,1, -18 , 96.03975
128.99482250213623 ,1, -18 , 96.09585
129.4781711101532 ,1, -18 , 96.17515
129.96121859550476 ,1, -18 , 96.14735000000002
130.44617986679077 ,1, -18 , 96.1009
130.9277994632721 ,1, -18 , 96.1269
131.41096138954163 ,1, -18 , 96.08965
131.89503622055054 ,1, -18 , 96.06875000000001
132.37797927856445 ,1, -18 , 96.17059999999998
132.8612356185913 ,1, -18 , 96.21885000000002
133.3450255393982 ,1, -18 , 96.10985
133.82772636413574 ,1, -18 , 96.14014999999999
134.31247997283936 ,1, -18 , 95.99664999999999
134.79473686218262 ,1, -18 , 96.13535
135.27737498283386 ,1, -18 , 95.93795
135.76054883003235 ,1, -18 , 96.0145
136.24456667900085 ,1, -18 , 96.09750000000001
136.72774291038513 ,1, -18 , 96.17805
137.21056199073792 ,1, -18 , 96.3148
137.69401717185974 ,1, -18 , 96.09410000000001
138.1789038181305 ,1, -18 , 95.9829
138.6611864566803 ,1, -18 , 96.16470000000001
139.14343118667603 ,1, -18 , 96.25970000000001
139.62746930122375 ,1, -18 , 96.14205
140.1101438999176 ,1, -18 , 96.01155
140.59360003471375 ,1, -18 , 96.15549999999999
141.07693123817444 ,1, -18 , 96.1885
141.56431078910828 ,0,NA, 96.2212
142.04549050331116 ,0,NA, 96.02654999999999
142.5267264842987 ,0,NA, 96.01174999999999
143.01013040542603 ,0,NA, 96.2223
143.49430537223816 ,0,NA, 96.1519
143.97664046287537 ,0,NA, 96.14975000000001
144.46076345443726 ,0,NA, 96.20585000000001
144.9432725906372 ,0,NA, 96.1221
145.42632603645325 ,0,NA, 96.11805
145.91178560256958 ,0,NA, 96.1251
146.39389491081238 ,0,NA, 96.13935000000001
146.8765823841095 ,0,NA, 96.23734999999999
147.3604805469513 ,0,NA, 96.06325
147.84259271621704 ,0,NA, 96.01625
148.326904296875 ,0,NA, 96.14804999999998
148.80920147895813 ,0,NA, 96.21995
149.29291367530823 ,0,NA, 96.09084999999999
149.7778182029724 ,0,NA, 96.02235000000002
150.25975513458252 ,0,NA, 96.1953
150.74313378334045 ,0,NA, 96.27799999999999
151.22687363624573 ,0,NA, 96.1526
151.7195680141449 ,1, -17 , 96.12610000000001
152.19270706176758 ,1, -17 , 96.20360000000001
152.6762616634369 ,1, -17 , 96.3643
153.15899467468262 ,1, -17 , 96.05565
153.6440465450287 ,1, -17 , 96.0172
154.1265037059784 ,1, -17 , 95.98885
154.60952854156494 ,1, -17 , 96.06885
155.09245109558105 ,1, -17 , 96.06835
155.5757896900177 ,1, -17 , 96.05995
156.05892872810364 ,1, -17 , 96.07365
156.54306173324585 ,1, -17 , 96.19330000000001
157.0261299610138 ,1, -17 , 96.09944999999999
157.50995326042175 ,1, -17 , 96.1134
157.99218320846558 ,1, -17 , 96.07749999999999
158.4755415916443 ,1, -17 , 96.0986
158.9596984386444 ,1, -17 , 96.24405
159.44227647781372 ,1, -17 , 96.0558
159.92516660690308 ,1, -17 , 96.09050000000002
160.4084939956665 ,1, -17 , 96.15105
160.8918375968933 ,1, -17 , 96.07735
161.37666082382202 ,1, -17 , 96.14670000000001
161.8585705757141 ,1, -17 , 96.0207
162.34177684783936 ,1, -17 , 96.01969999999999
162.825825214386 ,1, -17 , 96.22675000000001
163.30845713615417 ,1, -17 , 95.84125
163.7914478778839 ,1, -17 , 96.11855
164.2748453617096 ,1, -17 , 96.03345000000002
164.75863552093506 ,1, -17 , 96.08389999999999
165.2430021762848 ,1, -17 , 96.14635
165.72474479675293 ,1, -17 , 96.09365000000001
166.2079360485077 ,1, -17 , 96.038
166.69305992126465 ,1, -17 , 96.16825
167.1743450164795 ,1, -17 , 96.15159999999999
167.6582531929016 ,1, -17 , 96.1314
168.14116024971008 ,1, -17 , 96.15715
168.62446641921997 ,1, -17 , 96.22630000000001
169.10894393920898 ,1, -17 , 95.98329999999999
169.59158515930176 ,1, -17 , 96.02925
170.07454657554626 ,1, -17 , 96.03945
170.56117415428162 ,1, -17 , 96.25789999999999
171.04106259346008 ,1, -17 , 96.1906
171.5245819091797 ,1, -17 , 96.09695
172.0128812789917 ,0,NA, 96.1079
172.49118900299072 ,0,NA, 96.096
172.9740686416626 ,0,NA, 96.07019999999999
173.4577350616455 ,0,NA, 96.1805
173.94120383262634 ,0,NA, 96.03625
174.42514848709106 ,0,NA, 96.15145
174.90784001350403 ,0,NA, 96.09989999999999
175.3907961845398 ,0,NA, 96.04974999999999
175.87447023391724 ,0,NA, 96.07835
176.35689902305603 ,0,NA, 96.10979999999999
176.84058117866516 ,0,NA, 96.09495
177.32415628433228 ,0,NA, 96.0996
177.80753660202026 ,0,NA, 96.07125
178.2916295528412 ,0,NA, 96.07385
178.77374649047852 ,0,NA, 96.11255000000001
179.25707507133484 ,0,NA, 96.11145
179.73988318443298 ,0,NA, 96.14454999999998
180.2232105731964 ,0,NA, 96.22295000000001
180.7076392173767 ,0,NA, 96.16375000000001
181.19013023376465 ,0,NA, 96.1797
181.6734721660614 ,0,NA, 96.1294
182.16932272911072 ,1, -16 , 96.12425
182.64054584503174 ,1, -16 , 96.18759999999999
183.12296390533447 ,1, -16 , 96.1395
183.60654377937317 ,1, -16 , 96.0898
184.09003686904907 ,1, -16 , 96.13395
184.57456588745117 ,1, -16 , 96.1675
185.05626249313354 ,1, -16 , 96.00630000000001
185.53971886634827 ,1, -16 , 96.11635000000001
186.02426099777222 ,1, -16 , 96.10725
186.50622272491455 ,1, -16 , 96.2451
186.98976230621338 ,1, -16 , 96.03630000000001
187.47320938110352 ,1, -16 , 96.19394999999999
187.95645213127136 ,1, -16 , 96.2538
188.43966817855835 ,1, -16 , 96.32614999999998
188.92288827896118 ,1, -16 , 95.95005
189.4069037437439 ,1, -16 , 96.03769999999999
189.8906388282776 ,1, -16 , 96.02874999999999
190.37316942214966 ,1, -16 , 96.17635
190.85621857643127 ,1, -16 , 96.10655
191.3401219844818 ,1, -16 , 96.11795
191.8228461742401 ,1, -16 , 96.0533
192.30564785003662 ,1, -16 , 96.17295000000001
192.78925204277039 ,1, -16 , 95.9891
193.27247762680054 ,1, -16 , 96.12305
193.75699663162231 ,1, -16 , 96.07685000000001
194.23880314826965 ,1, -16 , 96.20015
194.72178292274475 ,1, -16 , 96.0312
195.20680737495422 ,1, -16 , 96.1191
195.68898010253906 ,1, -16 , 96.03565
196.17292976379395 ,1, -16 , 96.19185000000002
196.6552255153656 ,1, -16 , 96.16794999999999
197.13901567459106 ,1, -16 , 96.0344
197.62534141540527 ,1, -16 , 96.24350000000001
198.10558152198792 ,1, -16 , 96.09185
198.58911657333374 ,1, -16 , 96.17269999999999
199.07303380966187 ,1, -16 , 96.08945
199.55571484565735 ,1, -16 , 96.14379999999998
200.03904223442078 ,1, -16 , 96.25945
200.52178835868835 ,1, -16 , 96.2234
201.00565481185913 ,1, -16 , 96.02304999999998
201.4897494316101 ,1, -16 , 96.07215
201.97167587280273 ,1, -16 , 96.15424999999999
202.45955657958984 ,0,NA, 96.3485
202.93884921073914 ,0,NA, 95.93480000000001
203.4212987422943 ,0,NA, 96.07095000000001
203.90520334243774 ,0,NA, 96.09094999999999
204.38787817955017 ,0,NA, 96.23509999999999
204.87135291099548 ,0,NA, 96.05915
205.35453343391418 ,0,NA, 96.1418
205.83797478675842 ,0,NA, 96.21265
206.3215675354004 ,0,NA, 96.2173
206.80564093589783 ,0,NA, 96.0951
207.28818011283875 ,0,NA, 96.013
207.77157926559448 ,0,NA, 96.07665
208.25563836097717 ,0,NA, 96.23410000000001
208.73798489570618 ,0,NA, 96.03179999999999
209.2212164402008 ,0,NA, 96.14070000000001
209.7050700187683 ,0,NA, 96.12484999999998
210.18774223327637 ,0,NA, 96.2898
210.67089676856995 ,0,NA, 95.96679999999999
211.15446829795837 ,0,NA, 95.90565
211.63757181167603 ,0,NA, 96.08385000000001
212.12231969833374 ,0,NA, 96.10249999999999
212.61469268798828 ,1, -15 , 96.03110000000001
213.08758306503296 ,1, -15 , 96.0218
213.57227873802185 ,1, -15 , 96.10335
214.0536277294159 ,1, -15 , 96.16960000000002
214.537260055542 ,1, -15 , 96.14135
215.0213463306427 ,1, -15 , 96.02665
215.50438261032104 ,1, -15 , 96.01455000000001
215.989004611969 ,1, -15 , 96.16805
216.4699592590332 ,1, -15 , 96.1614
216.95350861549377 ,1, -15 , 96.17205
217.43766403198242 ,1, -15 , 96.05879999999999
217.92074418067932 ,1, -15 , 96.09155
218.40391612052917 ,1, -15 , 96.09449999999998
218.8876438140869 ,1, -15 , 96.2123
219.370765209198 ,1, -15 , 96.17314999999999
219.85338807106018 ,1, -15 , 96.07065000000001
220.33692932128906 ,1, -15 , 96.1652
220.82024216651917 ,1, -15 , 96.06970000000001
221.3047592639923 ,1, -15 , 96.02645
221.7869861125946 ,1, -15 , 96.16455
222.27023935317993 ,1, -15 , 96.3098
222.75364017486572 ,1, -15 , 96.11225
223.2362675666809 ,1, -15 , 96.17504999999998
223.71998643875122 ,1, -15 , 96.01809999999999
224.20337796211243 ,1, -15 , 96.17954999999999
224.6865439414978 ,1, -15 , 96.15915000000001
225.17213559150696 ,1, -15 , 96.2675
225.65367984771729 ,1, -15 , 96.02625
226.13597083091736 ,1, -15 , 96.1681
226.62082767486572 ,1, -15 , 96.09105
227.10294651985168 ,1, -15 , 96.02975
227.58664226531982 ,1, -15 , 96.1619
228.07000589370728 ,1, -15 , 96.14320000000001
228.55329489707947 ,1, -15 , 96.07324999999999
229.03674721717834 ,1, -15 , 96.1089
229.51963138580322 ,1, -15 , 96.06265
230.00275087356567 ,1, -15 , 96.10015
230.48709225654602 ,1, -15 , 96.1392
230.96903133392334 ,1, -15 , 96.21870000000001
231.45273089408875 ,1, -15 , 96.198
231.93722295761108 ,1, -15 , 95.93420000000002
232.41888689994812 ,1, -15 , 96.05950000000001
232.90691900253296 ,0,NA, 95.9415
233.38627433776855 ,0,NA, 96.07305000000001
233.86965036392212 ,0,NA, 96.22094999999999
234.35423970222473 ,0,NA, 96.3293
234.83610463142395 ,0,NA, 95.9284
235.31883120536804 ,0,NA, 96.17035
235.80381178855896 ,0,NA, 96.0982
236.28537487983704 ,0,NA, 96.15279999999998
236.76926803588867 ,0,NA, 96.13145
237.2526831626892 ,0,NA, 96.0907
237.73555970191956 ,0,NA, 96.03385
238.22046089172363 ,0,NA, 96.3738
238.70200395584106 ,0,NA, 96.14379999999998
239.18576884269714 ,0,NA, 96.11819999999999
239.6694803237915 ,0,NA, 96.05715000000001
240.15175223350525 ,0,NA, 96.11765
240.63432216644287 ,0,NA, 96.1192
241.11822843551636 ,0,NA, 95.93119999999999
241.60158729553223 ,0,NA, 96.06849999999999
242.0850315093994 ,0,NA, 96.2325
242.56830215454102 ,0,NA, 96.1364
243.05965065956116 ,1, -14 , 95.98094999999999
243.53609466552734 ,1, -14 , 96.04604999999998
244.01802349090576 ,1, -14 , 96.33685000000001
244.50154209136963 ,1, -14 , 96.05250000000001
244.9851143360138 ,1, -14 , 96.12899999999999
245.46784019470215 ,1, -14 , 96.12420000000002
245.95248079299927 ,1, -14 , 96.06114999999998
246.4349386692047 ,1, -14 , 96.17124999999999
246.91793274879456 ,1, -14 , 96.064
247.40223288536072 ,1, -14 , 96.09055
247.8844554424286 ,1, -14 , 96.14914999999999
248.368262052536 ,1, -14 , 96.03075
248.85118770599365 ,1, -14 , 96.06439999999999
249.33370733261108 ,1, -14 , 96.13264999999998
249.8194077014923 ,1, -14 , 96.16385
250.30159735679626 ,1, -14 , 96.18145
250.78399014472961 ,1, -14 , 95.98335
251.26806116104126 ,1, -14 , 96.00585000000001
251.75111746788025 ,1, -14 , 96.0819
252.23366975784302 ,1, -14 , 96.38699999999999
252.71744632720947 ,1, -14 , 96.15780000000001
253.20066666603088 ,1, -14 , 96.13815000000001
253.68492460250854 ,1, -14 , 96.12925
254.16752815246582 ,1, -14 , 96.07765
254.65001463890076 ,1, -14 , 96.0109
255.13550901412964 ,1, -14 , 96.08409999999999
255.61730337142944 ,1, -14 , 96.258
256.1002984046936 ,1, -14 , 96.13435000000001
256.58354020118713 ,1, -14 , 96.14614999999999
257.06642174720764 ,1, -14 , 96.01480000000001
257.55204677581787 ,1, -14 , 96.12235
258.03402614593506 ,1, -14 , 96.02285
258.5164866447449 ,1, -14 , 96.09810000000002
259.00144124031067 ,1, -14 , 95.97885000000001
259.48379254341125 ,1, -14 , 96.2158
259.96672558784485 ,1, -14 , 96.05345
260.4503140449524 ,1, -14 , 96.18825
260.93317103385925 ,1, -14 , 95.95205
261.4166610240936 ,1, -14 , 96.06785
261.8999869823456 ,1, -14 , 95.9685
262.3825647830963 ,1, -14 , 95.96964999999999
262.8672683238983 ,1, -14 , 96.15070000000001
263.3540985584259 ,0,NA, 96.02405
263.8330988883972 ,0,NA, 96.14195000000001
264.31693625450134 ,0,NA, 96.2212
264.79962182044983 ,0,NA, 96.22345
265.28270840644836 ,0,NA, 96.11765
265.76607871055603 ,0,NA, 96.1241
266.24971532821655 ,0,NA, 96.12724999999999
266.73360085487366 ,0,NA, 96.12979999999999
267.2164797782898 ,0,NA, 96.1726
267.69931626319885 ,0,NA, 96.05049999999999
268.1839294433594 ,0,NA, 96.11540000000001
268.66544246673584 ,0,NA, 96.16525
269.14928364753723 ,0,NA, 96.09785
269.6324419975281 ,0,NA, 96.07624999999999
270.11575722694397 ,0,NA, 96.20715
270.599978685379 ,0,NA, 95.92564999999999
271.08259677886963 ,0,NA, 96.18515000000001
271.56539034843445 ,0,NA, 96.10915
272.05008363723755 ,0,NA, 96.08175000000001
272.53223991394043 ,0,NA, 96.09074999999999
273.0151250362396 ,0,NA, 96.14155
273.50996351242065 ,1, -13 , 96.21180000000001
273.982004404068 ,1, -13 , 96.09169999999999
274.46619606018066 ,1, -13 , 96.2085
274.948269367218 ,1, -13 , 95.94145
275.4312307834625 ,1, -13 , 96.1246
275.91634130477905 ,1, -13 , 96.15485000000001
276.3983201980591 ,1, -13 , 96.18409999999999
276.8818235397339 ,1, -13 , 96.21699999999998
277.3647994995117 ,1, -13 , 96.1489
277.84831404685974 ,1, -13 , 96.1367
278.3332026004791 ,1, -13 , 96.26929999999999
278.81507110595703 ,1, -13 , 95.95685
279.29755210876465 ,1, -13 , 95.98554999999999
279.7831268310547 ,1, -13 , 96.00250000000001
280.26512002944946 ,1, -13 , 96.25460000000001
280.74823117256165 ,1, -13 , 96.05190000000002
281.2323956489563 ,1, -13 , 96.2014
281.7140896320343 ,1, -13 , 96.00965000000001
282.19793796539307 ,1, -13 , 96.1382
282.68052673339844 ,1, -13 , 95.99960000000002
283.1645302772522 ,1, -13 , 95.96405000000001
283.64875769615173 ,1, -13 , 96.28069999999998
284.1309189796448 ,1, -13 , 96.15685
284.61410188674927 ,1, -13 , 96.18775
285.0983393192291 ,1, -13 , 96.06224999999999
285.5811927318573 ,1, -13 , 96.12579999999998
286.0636565685272 ,1, -13 , 96.15015
286.54761600494385 ,1, -13 , 96.18415
287.03044867515564 ,1, -13 , 96.06235000000001
287.51407504081726 ,1, -13 , 96.22980000000001
287.9970808029175 ,1, -13 , 96.09410000000001
288.4811453819275 ,1, -13 , 96.13535
288.9653494358063 ,1, -13 , 96.0196
289.4473626613617 ,1, -13 , 96.16319999999999
289.9307749271393 ,1, -13 , 96.17314999999999
290.4141480922699 ,1, -13 , 96.15154999999999
290.8973114490509 ,1, -13 , 96.01379999999999
291.38021326065063 ,1, -13 , 96.07900000000001
291.8637309074402 ,1, -13 , 96.06380000000001
292.34651279449463 ,1, -13 , 96.2322
292.8307783603668 ,1, -13 , 96.04684999999999
293.31308460235596 ,1, -13 , 96.04485000000001
293.8020317554474 ,0,NA, 96.13195000000002
294.28069019317627 ,0,NA, 96.25559999999999
294.76349544525146 ,0,NA, 96.04445000000001
295.2466263771057 ,0,NA, 96.15245
295.72942662239075 ,0,NA, 96.0733
296.2139701843262 ,0,NA, 96.08575000000002
296.6981806755066 ,0,NA, 96.11774999999999
297.17953872680664 ,0,NA, 96.08045
297.66349053382874 ,0,NA, 96.05085
298.1470556259155 ,0,NA, 96.07445000000001
298.6306357383728 ,0,NA, 96.2148
299.1118130683899 ,0,NA, 95.9774
299.5961091518402 ,0,NA, 96.01365
300.07936096191406 ,0,NA, 96.07395000000001
300.56450748443604 ,0,NA, 96.11834999999999
301.0456726551056 ,0,NA, 96.12154999999998
301.5295352935791 ,0,NA, 96.00805
302.01373505592346 ,0,NA, 96.05024999999999
302.49623799324036 ,0,NA, 96.2304
302.97983026504517 ,0,NA, 96.0366
303.46322870254517 ,0,NA, 96.19044999999998
303.95648670196533 ,1, -12 , 96.0147
304.4309048652649 ,1, -12 , 96.18435000000001
304.9123787879944 ,1, -12 , 95.98839999999998
305.39544701576233 ,1, -12 , 96.07265
305.87935757637024 ,1, -12 , 96.20415
306.3629138469696 ,1, -12 , 96.16755
306.84588980674744 ,1, -12 , 96.09255
307.3293490409851 ,1, -12 , 96.14070000000001
307.81200098991394 ,1, -12 , 96.01379999999999
308.29689383506775 ,1, -12 , 96.12610000000001
308.77910447120667 ,1, -12 , 96.03675
309.2620253562927 ,1, -12 , 96.02775000000001
309.7467534542084 ,1, -12 , 96.00649999999999
310.2281069755554 ,1, -12 , 96.07605000000001
310.712673664093 ,1, -12 , 96.07765
311.19449615478516 ,1, -12 , 95.93655
311.67834281921387 ,1, -12 , 96.2581
312.16233921051025 ,1, -12 , 96.03699999999999
312.64472937583923 ,1, -12 , 96.16439999999999
313.12792134284973 ,1, -12 , 96.2009
313.6128640174866 ,1, -12 , 96.08840000000001
314.09500765800476 ,1, -12 , 96.05265000000001
314.57849860191345 ,1, -12 , 96.18254999999999
315.0618705749512 ,1, -12 , 96.16299999999998
315.5449388027191 ,1, -12 , 95.9723
316.02811884880066 ,1, -12 , 96.02105
316.5113525390625 ,1, -12 , 96.16905
316.9945821762085 ,1, -12 , 96.06434999999999
317.4792721271515 ,1, -12 , 96.03889999999998
317.9612121582031 ,1, -12 , 96.0573
318.44381833076477 ,1, -12 , 96.1256
318.92906165122986 ,1, -12 , 96.1471
319.41073203086853 ,1, -12 , 96.18015
319.8940603733063 ,1, -12 , 96.11455
320.3779397010803 ,1, -12 , 96.1092
320.86227226257324 ,1, -12 , 96.17135
321.34575057029724 ,1, -12 , 96.1724
321.8268299102783 ,1, -12 , 96.08175000000001
322.3104250431061 ,1, -12 , 96.0568
322.7952971458435 ,1, -12 , 96.26080000000002
323.2771372795105 ,1, -12 , 95.98655
323.76086950302124 ,1, -12 , 95.99790000000002
324.2488958835602 ,0,NA, 96.04355
324.7270212173462 ,0,NA, 96.06255000000002
325.21178460121155 ,0,NA, 96.05215
325.6940588951111 ,0,NA, 96.02565000000001
326.1765716075897 ,0,NA, 95.99355
326.66171526908875 ,0,NA, 96.07265
327.1438002586365 ,0,NA, 96.05620000000002
327.6273293495178 ,0,NA, 96.02835
328.11037039756775 ,0,NA, 95.9931
328.59382033348083 ,0,NA, 96.1638
329.07756090164185 ,0,NA, 96.09309999999999
329.56027936935425 ,0,NA, 96.10195000000002
330.0435173511505 ,0,NA, 96.03135
330.5279800891876 ,0,NA, 96.1915
331.00982689857483 ,0,NA, 95.978
331.4936122894287 ,0,NA, 96.10895000000002
331.97663283348083 ,0,NA, 96.0225
332.45985078811646 ,0,NA, 96.03779999999999
332.94395327568054 ,0,NA, 96.07749999999999
333.42633962631226 ,0,NA, 96.13325
333.9099507331848 ,0,NA, 96.01254999999999
334.4040448665619 ,1, -11 , 96.0542
334.87653064727783 ,1, -11 , 96.166
335.3599841594696 ,1, -11 , 96.12005
335.84286761283875 ,1, -11 , 96.01855000000002
336.3264763355255 ,1, -11 , 96.05125000000001
336.81022334098816 ,1, -11 , 96.27185
337.2926244735718 ,1, -11 , 95.94765
337.77606296539307 ,1, -11 , 96.01015
338.2605140209198 ,1, -11 , 96.236
338.74289870262146 ,1, -11 , 96.2241
339.22599744796753 ,1, -11 , 95.98559999999999
339.7094397544861 ,1, -11 , 96.02075
340.19263887405396 ,1, -11 , 96.04495
340.67698550224304 ,1, -11 , 96.04085
341.1585946083069 ,1, -11 , 96.022
341.642484664917 ,1, -11 , 96.10689999999998
342.12690687179565 ,1, -11 , 96.13965
342.6094603538513 ,1, -11 , 96.12960000000001
343.0921013355255 ,1, -11 , 96.23114999999999
343.5759265422821 ,1, -11 , 96.0223
344.0591034889221 ,1, -11 , 96.01195
344.5428149700165 ,1, -11 , 96.05235
345.02496099472046 ,1, -11 , 95.97489999999999
345.5089693069458 ,1, -11 , 96.0251
345.9937279224396 ,1, -11 , 96.09640000000002
346.4750919342041 ,1, -11 , 96.14065
346.95878434181213 ,1, -11 , 96.1284
347.4420630931854 ,1, -11 , 95.98854999999999
347.9259762763977 ,1, -11 , 96.10024999999999
348.4102158546448 ,1, -11 , 96.27285
348.8917427062988 ,1, -11 , 96.0805
349.3753147125244 ,1, -11 , 96.13305
349.8597502708435 ,1, -11 , 96.17005
350.341561794281 ,1, -11 , 96.15599999999999
350.8254609107971 ,1, -11 , 96.2173
351.30811166763306 ,1, -11 , 96.13585
351.7918610572815 ,1, -11 , 96.10050000000001
352.2756290435791 ,1, -11 , 96.10255
352.75861501693726 ,1, -11 , 96.11245
353.2417166233063 ,1, -11 , 96.121
353.7260584831238 ,1, -11 , 96.04305
354.2080411911011 ,1, -11 , 96.00155000000001
354.696236371994 ,0,NA, 96.01735
355.17501854896545 ,0,NA, 96.0959
355.6580328941345 ,0,NA, 95.96445
356.1420862674713 ,0,NA, 96.0847
356.6242163181305 ,0,NA, 96.2096
357.10800528526306 ,0,NA, 96.24565000000001
357.59290862083435 ,0,NA, 96.07749999999999
358.07482051849365 ,0,NA, 96.09715000000001
358.5574803352356 ,0,NA, 96.0668
359.0412087440491 ,0,NA, 96.08019999999999
359.5241332054138 ,0,NA, 96.18809999999999
360.0082542896271 ,0,NA, 96.12665
360.49147725105286 ,0,NA, 96.09609999999999
360.97435331344604 ,0,NA, 96.33089999999999
361.458655834198 ,0,NA, 96.09955000000001
361.9401915073395 ,0,NA, 96.15315
362.42400789260864 ,0,NA, 96.10849999999999
362.9072048664093 ,0,NA, 96.12235
363.39012002944946 ,0,NA, 96.1691
363.8751015663147 ,0,NA, 96.03755000000001
364.35618901252747 ,0,NA, 95.95355
364.85115694999695 ,1, -10 , 96.19489999999999
365.3255412578583 ,1, -10 , 96.0329
365.8074758052826 ,1, -10 , 95.90899999999999
366.2904040813446 ,1, -10 , 96.06455
366.7729823589325 ,1, -10 , 96.1247
367.256973028183 ,1, -10 , 96.1816
367.74121856689453 ,1, -10 , 95.84885
368.22330117225647 ,1, -10 , 96.2576
368.7072033882141 ,1, -10 , 96.10925000000002
369.19167613983154 ,1, -10 , 96.28295
369.6724569797516 ,1, -10 , 96.12635
370.1567656993866 ,1, -10 , 96.02315
370.6403727531433 ,1, -10 , 96.1451
371.12333726882935 ,1, -10 , 96.13745
371.6064190864563 ,1, -10 , 96.05645000000001
372.08924889564514 ,1, -10 , 96.05980000000001
372.5733060836792 ,1, -10 , 96.10689999999998
373.05715918540955 ,1, -10 , 96.1349
373.53965616226196 ,1, -10 , 96.0904
374.0230095386505 ,1, -10 , 96.02235000000002
374.50678277015686 ,1, -10 , 95.95625000000001
374.9896650314331 ,1, -10 , 96.05345
375.47312664985657 ,1, -10 , 96.10545000000002
375.9560549259186 ,1, -10 , 96.05170000000001
376.4393789768219 ,1, -10 , 96.09845
376.92242217063904 ,1, -10 , 96.09670000000001
377.4063928127289 ,1, -10 , 96.08505
377.8889787197113 ,1, -10 , 96.00655
378.3739993572235 ,1, -10 , 96.06654999999999
378.8554615974426 ,1, -10 , 96.03615
379.33850479125977 ,1, -10 , 96.12554999999999
379.8224730491638 ,1, -10 , 95.97234999999999
380.306067943573 ,1, -10 , 96.0928
380.7897505760193 ,1, -10 , 96.08789999999999
381.27267122268677 ,1, -10 , 96.12495
381.7553346157074 ,1, -10 , 96.07799999999999
382.240442276001 ,1, -10 , 96.03365000000002
382.72174763679504 ,1, -10 , 96.03275
383.2055377960205 ,1, -10 , 96.14014999999999
383.68886613845825 ,1, -10 , 96.1306
384.1723120212555 ,1, -10 , 96.041
384.6567099094391 ,1, -10 , 96.02850000000001
385.14318561553955 ,0,NA, 96.05319999999999
385.62196826934814 ,0,NA, 96.10835
386.1062161922455 ,0,NA, 96.01159999999999
386.58882427215576 ,0,NA, 96.06514999999999
387.07143115997314 ,0,NA, 96.10679999999999
387.55523586273193 ,0,NA, 96.09974999999999
388.0388329029083 ,0,NA, 95.91175000000001
388.5228781700134 ,0,NA, 96.17625000000001
389.0047709941864 ,0,NA, 96.1791
389.48791766166687 ,0,NA, 96.14245000000001
389.9726240634918 ,0,NA, 96.08715
390.45460271835327 ,0,NA, 96.20265
390.9387254714966 ,0,NA, 96.15690000000001
391.4215109348297 ,0,NA, 96.164
391.9049549102783 ,0,NA, 95.94669999999999
392.3893475532532 ,0,NA, 96.2113
392.87084698677063 ,0,NA, 96.0009
393.35480856895447 ,0,NA, 96.0727
393.83881640434265 ,0,NA, 96.16409999999999
394.3210594654083 ,0,NA, 96.03185
394.80391788482666 ,0,NA, 95.99980000000001
395.298455953598 ,1, -9 , 95.9931
395.77091336250305 ,1, -9 , 96.0826
396.25623059272766 ,1, -9 , 96.04814999999999
396.737327337265 ,1, -9 , 96.21465
397.2206962108612 ,1, -9 , 96.09685
397.70451307296753 ,1, -9 , 96.1009
398.18725323677063 ,1, -9 , 95.99410000000002
398.6707727909088 ,1, -9 , 96.04440000000001
399.15415263175964 ,1, -9 , 96.14685
399.63741397857666 ,1, -9 , 96.30704999999999
400.12240529060364 ,1, -9 , 96.05465
400.6038110256195 ,1, -9 , 96.0577
401.0873236656189 ,1, -9 , 96.06939999999999
401.5715112686157 ,1, -9 , 96.1577
402.05343651771545 ,1, -9 , 96.06054999999999
402.5372722148895 ,1, -9 , 95.99265
403.02148270606995 ,1, -9 , 96.18185
403.50367164611816 ,1, -9 , 96.04755
403.98696208000183 ,1, -9 , 96.04604999999998
404.4704999923706 ,1, -9 , 96.1423
404.95354652404785 ,1, -9 , 96.03725000000001
405.43789505958557 ,1, -9 , 96.10125000000001
405.91963481903076 ,1, -9 , 96.16269999999999
406.40352725982666 ,1, -9 , 95.97175
406.8870425224304 ,1, -9 , 96.05995
407.36957812309265 ,1, -9 , 96.07285
407.8534731864929 ,1, -9 , 96.0957
408.33660984039307 ,1, -9 , 96.07110000000002
408.81969356536865 ,1, -9 , 96.12735
409.30423378944397 ,1, -9 , 96.1562
409.7856693267822 ,1, -9 , 96.1172
410.2694044113159 ,1, -9 , 96.1515
410.7543158531189 ,1, -9 , 96.10045
411.236634016037 ,1, -9 , 96.05725
411.718998670578 ,1, -9 , 96.1267
412.20230865478516 ,1, -9 , 96.05689999999998
412.68610405921936 ,1, -9 , 96.1093
413.1705927848816 ,1, -9 , 96.04255
413.6519606113434 ,1, -9 , 96.16325
414.13549757003784 ,1, -9 , 96.0369
414.6205277442932 ,1, -9 , 95.95465
415.1020669937134 ,1, -9 , 96.30884999999999
415.59090876579285 ,0,NA, 96.07055
416.0693142414093 ,0,NA, 96.1768
416.5523145198822 ,0,NA, 96.04865000000001
417.0370976924896 ,0,NA, 95.93539999999999
417.5192530155182 ,0,NA, 96.09275
418.00231862068176 ,0,NA, 96.11225
418.48627638816833 ,0,NA, 96.01475000000002
418.9684307575226 ,0,NA, 96.07140000000001
419.4521908760071 ,0,NA, 96.1626
419.93528866767883 ,0,NA, 96.11655000000002
420.4179630279541 ,0,NA, 96.09395
420.90322041511536 ,0,NA, 95.9703
421.384982585907 ,0,NA, 96.0213
421.8684923648834 ,0,NA, 96.24215000000001
422.35270643234253 ,0,NA, 96.12875
422.8349268436432 ,0,NA, 96.1065
423.3186912536621 ,0,NA, 96.089
423.80157947540283 ,0,NA, 96.16714999999999
424.28474831581116 ,0,NA, 96.245
424.7691328525543 ,0,NA, 96.12944999999999
425.2510724067688 ,0,NA, 96.0178
425.7455108165741 ,1, -8 , 96.14215000000002
426.21936082839966 ,1, -8 , 96.10609999999998
426.7005612850189 ,1, -8 , 96.05099999999999
427.18409395217896 ,1, -8 , 96.134
427.6679608821869 ,1, -8 , 96.02175
428.1514904499054 ,1, -8 , 96.22585000000001
428.63487553596497 ,1, -8 , 96.0968
429.1180384159088 ,1, -8 , 96.20765
429.60067987442017 ,1, -8 , 96.03135
430.08500242233276 ,1, -8 , 96.00399999999999
430.5674011707306 ,1, -8 , 95.9855
431.0500228404999 ,1, -8 , 95.9013
431.53461837768555 ,1, -8 , 96.18010000000001
432.0173668861389 ,1, -8 , 96.12219999999999
432.50062084198 ,1, -8 , 96.2211
432.9837350845337 ,1, -8 , 96.16955
433.4674084186554 ,1, -8 , 96.07579999999999
433.9516406059265 ,1, -8 , 96.0372
434.43424105644226 ,1, -8 , 96.04639999999999
434.91666197776794 ,1, -8 , 95.94735
435.4019241333008 ,1, -8 , 96.15100000000001
435.88342452049255 ,1, -8 , 96.03495
436.3672184944153 ,1, -8 , 96.18949999999998
436.8503041267395 ,1, -8 , 96.15070000000001
437.33301639556885 ,1, -8 , 96.1323
437.81676959991455 ,1, -8 , 96.08194999999999
438.30010628700256 ,1, -8 , 96.23410000000001
438.7832055091858 ,1, -8 , 96.01025000000001
439.2674124240875 ,1, -8 , 96.15204999999999
439.74990367889404 ,1, -8 , 96.21060000000001
440.2333755493164 ,1, -8 , 96.01634999999999
440.71688199043274 ,1, -8 , 96.09060000000001
441.19931840896606 ,1, -8 , 96.155
441.68326807022095 ,1, -8 , 96.0748
442.16644501686096 ,1, -8 , 95.96619999999999
442.6491949558258 ,1, -8 , 96.21520000000001
443.1337459087372 ,1, -8 , 96.09259999999999
443.6156780719757 ,1, -8 , 96.13999999999999
444.099241733551 ,1, -8 , 96.1132
444.5826065540314 ,1, -8 , 96.3368
445.0664179325104 ,1, -8 , 96.09305
445.5488271713257 ,1, -8 , 95.8449
446.03790044784546 ,0,NA, 96.00965000000001
446.5163085460663 ,0,NA, 96.17459999999998
446.9998707771301 ,0,NA, 96.02865
447.48295187950134 ,0,NA, 96.11659999999999
447.9660212993622 ,0,NA, 96.07140000000001
448.4483394622803 ,0,NA, 96.14195000000001
448.93240904808044 ,0,NA, 96.12245000000001
449.4156537055969 ,0,NA, 96.05160000000001
449.89894938468933 ,0,NA, 96.11564999999999
450.38197660446167 ,0,NA, 95.97715
450.866197347641 ,0,NA, 96.04145
451.34863662719727 ,0,NA, 95.89710000000001
451.8314139842987 ,0,NA, 96.2312
452.31545639038086 ,0,NA, 96.26285
452.79863810539246 ,0,NA, 96.15515
453.2823143005371 ,0,NA, 96.10985
453.76506757736206 ,0,NA, 96.20040000000002
454.248731136322 ,0,NA, 96.03755000000001
454.7324330806732 ,0,NA, 96.0895
455.21479415893555 ,0,NA, 96.18905
455.69867610931396 ,0,NA, 96.14315
456.1929225921631 ,1, -7 , 96.0523
456.664267539978 ,1, -7 , 96.0397
457.1485273838043 ,1, -7 , 96.18345000000001
457.6316351890564 ,1, -7 , 95.99204999999999
458.1145269870758 ,1, -7 , 96.0105
458.598920583725 ,1, -7 , 96.03715
459.081346988678 ,1, -7 , 96.21615
459.5647671222687 ,1, -7 , 96.0535
460.0488963127136 ,1, -7 , 96.00195
460.53090023994446 ,1, -7 , 95.95340000000002
461.01395654678345 ,1, -7 , 96.2154
461.4974446296692 ,1, -7 , 96.05399999999999
461.9812979698181 ,1, -7 , 96.1404
462.46534037590027 ,1, -7 , 96.05465
462.94717669487 ,1, -7 , 96.09370000000001
463.43035769462585 ,1, -7 , 96.1243
463.91524028778076 ,1, -7 , 96.01429999999999
464.39729380607605 ,1, -7 , 96.12955
464.8803780078888 ,1, -7 , 96.04055
465.3652536869049 ,1, -7 , 96.21175
465.8467240333557 ,1, -7 , 96.01209999999999
466.33057260513306 ,1, -7 , 96.04135000000001
466.8133990764618 ,1, -7 , 96.1135
467.2969720363617 ,1, -7 , 96.22255
467.78102803230286 ,1, -7 , 96.08855
468.26393580436707 ,1, -7 , 96.03429999999999
468.7467188835144 ,1, -7 , 96.0414
469.23193645477295 ,1, -7 , 96.12944999999999
469.7131848335266 ,1, -7 , 96.07039999999999
470.19696402549744 ,1, -7 , 96.04015000000001
470.67967772483826 ,1, -7 , 96.1721
471.1639709472656 ,1, -7 , 96.06790000000001
471.64850068092346 ,1, -7 , 96.19405
472.1303861141205 ,1, -7 , 96.1127
472.61371421813965 ,1, -7 , 96.22550000000001
473.09845185279846 ,1, -7 , 96.09105
473.57972955703735 ,1, -7 , 96.14845
474.06366062164307 ,1, -7 , 96.0399
474.546284198761 ,1, -7 , 96.1499
475.0301260948181 ,1, -7 , 96.12370000000001
475.51401472091675 ,1, -7 , 96.17185
475.9967522621155 ,1, -7 , 96.00585000000001
476.4846889972687 ,0,NA, 96.01265000000001
476.9642767906189 ,0,NA, 96.057
477.4466996192932 ,0,NA, 96.08855
477.9292371273041 ,0,NA, 96.11784999999999
478.41280341148376 ,0,NA, 95.9957
478.89671444892883 ,0,NA, 96.00705
479.38040566444397 ,0,NA, 96.00950000000002
479.86321473121643 ,0,NA, 96.0958
480.34635829925537 ,0,NA, 96.01790000000001
480.83052253723145 ,0,NA, 96.0127
481.31283617019653 ,0,NA, 96.24645
481.79589557647705 ,0,NA, 96.0398
482.2790012359619 ,0,NA, 96.04045
482.76270484924316 ,0,NA, 96.01415
483.2462737560272 ,0,NA, 96.0291
483.7292273044586 ,0,NA, 96.00265000000002
484.21199917793274 ,0,NA, 95.91085000000001
484.69688534736633 ,0,NA, 96.20844999999998
485.17877221107483 ,0,NA, 96.09670000000001
485.6623170375824 ,0,NA, 96.2965
486.1456654071808 ,0,NA, 96.13560000000001
486.6397190093994 ,1, -6 , 96.20179999999999
487.1131579875946 ,1, -6 , 96.08840000000001
487.5960741043091 ,1, -6 , 96.17985
488.0789153575897 ,1, -6 , 96.01989999999999
488.56372928619385 ,1, -6 , 96.02435
489.04553627967834 ,1, -6 , 96.11869999999999
489.52854204177856 ,1, -6 , 96.07400000000001
490.01167702674866 ,1, -6 , 96.1797
490.49542021751404 ,1, -6 , 96.0337
490.97925662994385 ,1, -6 , 96.13210000000001
491.46169781684875 ,1, -6 , 96.02215000000001
491.94509744644165 ,1, -6 , 96.29885
492.429034948349 ,1, -6 , 96.10634999999999
492.9121894836426 ,1, -6 , 96.1311
493.39474296569824 ,1, -6 , 96.1307
493.8783597946167 ,1, -6 , 96.14994999999999
494.3614902496338 ,1, -6 , 96.1325
494.84598875045776 ,1, -6 , 96.07244999999999
495.32847023010254 ,1, -6 , 96.09155
495.811439037323 ,1, -6 , 96.0982
496.29592084884644 ,1, -6 , 96.1186
496.77789640426636 ,1, -6 , 96.05600000000001
497.26148748397827 ,1, -6 , 96.0771
497.74461102485657 ,1, -6 , 96.05505000000001
498.2279894351959 ,1, -6 , 96.17595
498.7123963832855 ,1, -6 , 96.04445000000001
499.1945786476135 ,1, -6 , 95.92635
499.67731070518494 ,1, -6 , 96.012
500.1617455482483 ,1, -6 , 96.08449999999999
500.64404940605164 ,1, -6 , 96.0066
501.1271753311157 ,1, -6 , 96.03490000000001
501.61143016815186 ,1, -6 , 96.03144999999999
502.0938973426819 ,1, -6 , 96.25015
502.578720331192 ,1, -6 , 96.07629999999999
503.06100964546204 ,1, -6 , 96.0336
503.5439808368683 ,1, -6 , 96.01345
504.02877044677734 ,1, -6 , 96.0992
504.51068019866943 ,1, -6 , 96.0574
504.99363136291504 ,1, -6 , 96.1861
505.47736620903015 ,1, -6 , 96.07495000000002
505.9608082771301 ,1, -6 , 96.0188
506.4438178539276 ,1, -6 , 96.146
506.93263030052185 ,0,NA, 96.01509999999999
507.410578250885 ,0,NA, 95.95020000000001
507.8949043750763 ,0,NA, 96.1262
508.3770682811737 ,0,NA, 96.2135
508.86018109321594 ,0,NA, 96.01239999999999
509.3432927131653 ,0,NA, 96.0253
509.82683086395264 ,0,NA, 96.0231
510.3099286556244 ,0,NA, 96.2663
510.79326581954956 ,0,NA, 96.13515000000001
511.2766807079315 ,0,NA, 96.2022
511.7616319656372 ,0,NA, 96.0215
512.2429404258728 ,0,NA, 95.91789999999999
512.7265419960022 ,0,NA, 96.0698
513.2098915576935 ,0,NA, 96.0385
513.6927449703217 ,0,NA, 96.09445
514.177835226059 ,0,NA, 96.13245
514.6599113941193 ,0,NA, 96.25769999999999
515.145738363266 ,0,NA, 96.05565
515.6275990009308 ,0,NA, 96.01944999999999
516.1101183891296 ,0,NA, 96.01924999999999
516.5932960510254 ,0,NA, 96.0321
517.0866255760193 ,1, -5 , 95.99375
517.5587816238403 ,1, -5 , 96.20844999999998
518.0427415370941 ,1, -5 , 96.2426
518.5262892246246 ,1, -5 , 96.12435000000002
519.0113489627838 ,1, -5 , 96.20715
519.4935886859894 ,1, -5 , 96.13085000000001
519.9761607646942 ,1, -5 , 96.06575
520.4593997001648 ,1, -5 , 96.08605000000001
520.942542552948 ,1, -5 , 96.25909999999999
521.4257152080536 ,1, -5 , 96.1468
521.9090449810028 ,1, -5 , 95.92015
522.3920803070068 ,1, -5 , 95.99525
522.8748643398285 ,1, -5 , 96.19695
523.3602275848389 ,1, -5 , 96.02289999999999
523.842337846756 ,1, -5 , 95.93595
524.3252713680267 ,1, -5 , 96.05099999999999
524.8100254535675 ,1, -5 , 96.15455
525.2915017604828 ,1, -5 , 96.13104999999999
525.775595664978 ,1, -5 , 95.98215
526.2589557170868 ,1, -5 , 96.24375
526.7420282363892 ,1, -5 , 96.01935
527.2247052192688 ,1, -5 , 96.21090000000001
527.7085194587708 ,1, -5 , 95.97824999999999
528.1910934448242 ,1, -5 , 96.04745000000001
528.67627120018 ,1, -5 , 96.0302
529.1579313278198 ,1, -5 , 96.0698
529.6414289474487 ,1, -5 , 95.96785000000001
530.1254982948303 ,1, -5 , 96.17765
530.6083624362946 ,1, -5 , 96.02605
531.0918295383453 ,1, -5 , 96.21425
531.574628829956 ,1, -5 , 96.016
532.0583281517029 ,1, -5 , 96.09519999999999
532.542450428009 ,1, -5 , 96.11610000000002
533.0244936943054 ,1, -5 , 96.0361
533.5080411434174 ,1, -5 , 96.13614999999999
533.991357088089 ,1, -5 , 95.9881
534.4743292331696 ,1, -5 , 96.13329999999999
534.957484960556 ,1, -5 , 96.04095000000001
535.4416553974152 ,1, -5 , 96.2126
535.9250903129578 ,1, -5 , 95.98185000000001
536.408697605133 ,1, -5 , 96.08135
536.891387462616 ,1, -5 , 96.11834999999999
537.3793041706085 ,0,NA, 96.14365000000001
537.8575081825256 ,0,NA, 96.11769999999999
538.340975522995 ,0,NA, 96.09035000000002
538.8237917423248 ,0,NA, 96.15495000000001
539.3073341846466 ,0,NA, 96.179
539.7905867099762 ,0,NA, 96.13275
540.2758197784424 ,0,NA, 96.087
540.7572360038757 ,0,NA, 96.16319999999999
541.240415096283 ,0,NA, 96.0585
541.7245147228241 ,0,NA, 96.13294999999998
542.2072944641113 ,0,NA, 96.02055
542.6904821395874 ,0,NA, 96.12115
543.1740264892578 ,0,NA, 96.0256
543.6576445102692 ,0,NA, 96.06184999999999
544.1420602798462 ,0,NA, 95.94585
544.6242141723633 ,0,NA, 96.06595
545.1068787574768 ,0,NA, 96.0317
545.5917239189148 ,0,NA, 96.0991
546.0730683803558 ,0,NA, 95.97329999999998
546.5573933124542 ,0,NA, 96.2796
547.0405004024506 ,0,NA, 96.07845000000002
547.5346186161041 ,1, -4 , 96.0966
548.0080692768097 ,1, -4 , 96.19139999999999
548.490865945816 ,1, -4 , 95.91100000000002
548.9729170799255 ,1, -4 , 96.10175000000001
549.4586360454559 ,1, -4 , 96.04110000000001
549.939838886261 ,1, -4 , 96.22035
550.4235723018646 ,1, -4 , 96.08704999999999
550.9065260887146 ,1, -4 , 96.14055
551.3894975185394 ,1, -4 , 95.9964
551.8748137950897 ,1, -4 , 96.1816
552.3568017482758 ,1, -4 , 96.13975000000002
552.8393759727478 ,1, -4 , 96.17740000000002
553.3247261047363 ,1, -4 , 96.0284
553.8064534664154 ,1, -4 , 96.20060000000001
554.2899811267853 ,1, -4 , 96.0745
554.7728366851807 ,1, -4 , 96.02364999999999
555.2568747997284 ,1, -4 , 95.92105
555.7393000125885 ,1, -4 , 95.9928
556.2231612205505 ,1, -4 , 96.08484999999999
556.7064509391785 ,1, -4 , 96.08970000000001
557.1908733844757 ,1, -4 , 96.0299
557.6729843616486 ,1, -4 , 96.01675
558.1563096046448 ,1, -4 , 96.28229999999999
558.6393206119537 ,1, -4 , 96.1595
559.1225521564484 ,1, -4 , 96.21085000000001
559.6055252552032 ,1, -4 , 96.09825
560.0897877216339 ,1, -4 , 96.17074999999998
560.5726087093353 ,1, -4 , 96.14525
561.0575549602509 ,1, -4 , 96.18219999999998
561.5392615795135 ,1, -4 , 96.18135000000001
562.0221407413483 ,1, -4 , 96.0807
562.506799697876 ,1, -4 , 96.13389999999998
562.9891352653503 ,1, -4 , 96.0634
563.472384929657 ,1, -4 , 96.02269999999999
563.9555752277374 ,1, -4 , 96.00779999999999
564.4388720989227 ,1, -4 , 96.07199999999999
564.9233958721161 ,1, -4 , 96.0785
565.4055879116058 ,1, -4 , 96.252
565.8889274597168 ,1, -4 , 96.07130000000002
566.3728976249695 ,1, -4 , 96.17105000000001
566.8551182746887 ,1, -4 , 96.09449999999998
567.3386170864105 ,1, -4 , 96.02135
567.8262410163879 ,0,NA, 96.19215000000001
568.3049051761627 ,0,NA, 96.13255
568.7891390323639 ,0,NA, 96.044
569.2713894844055 ,0,NA, 95.96575
569.7551364898682 ,0,NA, 96.0067
570.2396848201752 ,0,NA, 96.03345000000002
570.7213156223297 ,0,NA, 96.13385000000001
571.2055068016052 ,0,NA, 95.85205
571.6876835823059 ,0,NA, 95.94344999999998
572.17138504982 ,0,NA, 96.05205000000001
572.6561827659607 ,0,NA, 96.14955
573.1377396583557 ,0,NA, 96.0757
573.6213595867157 ,0,NA, 96.1274
574.1063306331635 ,0,NA, 96.02915
574.5878143310547 ,0,NA, 96.0686
575.0711603164673 ,0,NA, 95.98070000000001
575.5544271469116 ,0,NA, 95.99470000000001
576.0375378131866 ,0,NA, 96.02304999999998
576.5203983783722 ,0,NA, 96.07205
577.0044417381287 ,0,NA, 96.1221
577.4871692657471 ,0,NA, 96.20045000000002
577.9825088977814 ,1, -3 , 96.0745
578.4543190002441 ,1, -3 , 96.08445
578.9369947910309 ,1, -3 , 96.04715000000002
579.4210269451141 ,1, -3 , 95.97794999999999
579.9037222862244 ,1, -3 , 96.09264999999999
580.3867144584656 ,1, -3 , 96.10560000000001
580.8703150749207 ,1, -3 , 96.21155000000002
581.3533568382263 ,1, -3 , 96.11925000000001
581.8384900093079 ,1, -3 , 96.1289
582.3205850124359 ,1, -3 , 96.2074
582.8034927845001 ,1, -3 , 96.05035
583.2878088951111 ,1, -3 , 96.20455
583.7700350284576 ,1, -3 , 95.96880000000002
584.2534530162811 ,1, -3 , 96.06675
584.7372035980225 ,1, -3 , 96.09370000000001
585.2195656299591 ,1, -3 , 96.25175000000002
585.703394651413 ,1, -3 , 96.05689999999998
586.186455488205 ,1, -3 , 96.12025
586.6695394515991 ,1, -3 , 96.06415
587.155143737793 ,1, -3 , 96.115
587.6363854408264 ,1, -3 , 96.0426
588.1197714805603 ,1, -3 , 96.05764999999998
588.6029903888702 ,1, -3 , 96.3005
589.0861232280731 ,1, -3 , 96.12715
589.5693306922913 ,1, -3 , 96.07035000000002
590.0531604290009 ,1, -3 , 96.04030000000002
590.5364677906036 ,1, -3 , 95.96055000000001
591.0211710929871 ,1, -3 , 96.1567
591.5024094581604 ,1, -3 , 96.23894999999999
591.9863073825836 ,1, -3 , 96.048
592.4688665866852 ,1, -3 , 96.07355
592.9528172016144 ,1, -3 , 96.01365
593.4360826015472 ,1, -3 , 96.07835
593.9197752475739 ,1, -3 , 95.99045
594.4025740623474 ,1, -3 , 95.9942
594.8874168395996 ,1, -3 , 96.2135
595.3689503669739 ,1, -3 , 96.1175
595.8529102802277 ,1, -3 , 96.09370000000001
596.3358707427979 ,1, -3 , 95.98219999999999
596.8194348812103 ,1, -3 , 96.24775000000001
597.3024492263794 ,1, -3 , 96.02945000000001
597.7854194641113 ,1, -3 , 96.14320000000001
598.2732491493225 ,0,NA, 96.04010000000001
598.7540125846863 ,0,NA, 96.06479999999999
599.2353131771088 ,0,NA, 96.02595000000001
599.7189545631409 ,0,NA, 96.21175
600.2023949623108 ,0,NA, 96.09290000000001
600.6852896213531 ,0,NA, 96.10035
601.1689856052399 ,0,NA, 96.12285
601.6520416736603 ,0,NA, 96.07925
602.1352360248566 ,0,NA, 96.1389
602.6201279163361 ,0,NA, 96.20875
603.1012036800385 ,0,NA, 96.17995
603.5848999023438 ,0,NA, 96.0362
604.0692780017853 ,0,NA, 96.17904999999999
604.5523200035095 ,0,NA, 95.98400000000001
605.0351827144623 ,0,NA, 95.96530000000001
605.5179898738861 ,0,NA, 95.98115
606.0015659332275 ,0,NA, 96.23060000000001
606.4859204292297 ,0,NA, 95.88570000000001
606.9679539203644 ,0,NA, 96.0499
607.4518203735352 ,0,NA, 96.07294999999999
607.9354104995728 ,0,NA, 96.096
608.4276149272919 ,1, -2 , 96.02900000000001
608.9012331962585 ,1, -2 , 96.1372
609.3838410377502 ,1, -2 , 96.0474
609.8682708740234 ,1, -2 , 95.99325
610.3525412082672 ,1, -2 , 96.13445
610.8345334529877 ,1, -2 , 96.0722
611.3175857067108 ,1, -2 , 96.1006
611.8024342060089 ,1, -2 , 96.05574999999999
612.284197807312 ,1, -2 , 96.0552
612.7680616378784 ,1, -2 , 96.13739999999999
613.2513673305511 ,1, -2 , 96.14115
613.7342338562012 ,1, -2 , 96.13385000000001
614.2188093662262 ,1, -2 , 96.02385
614.7011346817017 ,1, -2 , 96.13329999999999
615.1844227313995 ,1, -2 , 96.0128
615.6671986579895 ,1, -2 , 96.17005
616.150306224823 ,1, -2 , 95.9832
616.633748292923 ,1, -2 , 96.23015000000001
617.1174898147583 ,1, -2 , 95.96045
617.6000201702118 ,1, -2 , 96.066
618.0847883224487 ,1, -2 , 96.08840000000001
618.5666313171387 ,1, -2 , 96.1538
619.0505027770996 ,1, -2 , 95.92305
619.5348086357117 ,1, -2 , 96.0774
620.0164449214935 ,1, -2 , 96.0274
620.499431848526 ,1, -2 , 96.16685
620.9841606616974 ,1, -2 , 96.06924999999998
621.4668028354645 ,1, -2 , 96.03165
621.9516708850861 ,1, -2 , 96.1383
622.4334211349487 ,1, -2 , 96.15895
622.9164981842041 ,1, -2 , 96.27380000000001
623.4014992713928 ,1, -2 , 95.94405
623.8829951286316 ,1, -2 , 96.10689999999998
624.3662946224213 ,1, -2 , 96.08529999999999
624.8494791984558 ,1, -2 , 96.15129999999999
625.3328268527985 ,1, -2 , 96.014
625.8175992965698 ,1, -2 , 96.05655
626.299633026123 ,1, -2 , 96.29945
626.783120393753 ,1, -2 , 96.17139999999999
627.2669560909271 ,1, -2 , 96.09259999999999
627.7496571540833 ,1, -2 , 96.10415
628.2331430912018 ,1, -2 , 95.98385
628.7217953205109 ,0,NA, 96.1145
629.1993651390076 ,0,NA, 96.15830000000001
629.6841905117035 ,0,NA, 95.9834
630.1653399467468 ,0,NA, 96.01805000000002
630.6488194465637 ,0,NA, 96.02475000000001
631.1341278553009 ,0,NA, 96.23075000000001
631.6157712936401 ,0,NA, 95.99895000000001
632.0995128154755 ,0,NA, 96.09605
632.5838465690613 ,0,NA, 96.18120000000002
633.0656237602234 ,0,NA, 96.1468
633.5491971969604 ,0,NA, 96.15755000000001
634.0327622890472 ,0,NA, 95.89215
634.5160071849823 ,0,NA, 95.96905
635.0000154972076 ,0,NA, 96.09205
635.4823923110962 ,0,NA, 96.17710000000001
635.9649932384491 ,0,NA, 95.9713
636.4504013061523 ,0,NA, 96.09955000000001
636.9320530891418 ,0,NA, 96.0262
637.4157476425171 ,0,NA, 96.23049999999999
637.8987667560577 ,0,NA, 95.89345
638.3824014663696 ,0,NA, 96.21395000000001
638.8769524097443 ,1, -1 , 96.07629999999999
639.3487391471863 ,1, -1 , 95.94794999999999
639.8315353393555 ,1, -1 , 96.10754999999999
640.316394329071 ,1, -1 , 95.96679999999999
640.7982661724091 ,1, -1 , 96.0158
641.2821674346924 ,1, -1 , 95.98020000000001
641.7645444869995 ,1, -1 , 96.23345
642.2478649616241 ,1, -1 , 95.96500000000002
642.73273396492 ,1, -1 , 96.01585
643.2146863937378 ,1, -1 , 96.15465
643.698310136795 ,1, -1 , 96.15975
644.1827960014343 ,1, -1 , 96.15584999999999
644.6652863025665 ,1, -1 , 96.15435000000001
645.1484112739563 ,1, -1 , 96.00220000000002
645.6309788227081 ,1, -1 , 96.05935000000001
646.114182472229 ,1, -1 , 96.08795
646.5991294384003 ,1, -1 , 96.15815
647.0811498165131 ,1, -1 , 96.06345
647.5645654201508 ,1, -1 , 96.07765
648.0490188598633 ,1, -1 , 96.27945
648.5306711196899 ,1, -1 , 96.0438
649.0145311355591 ,1, -1 , 96.1162
649.4983747005463 ,1, -1 , 96.0147
649.9803311824799 ,1, -1 , 96.26435
650.4653849601746 ,1, -1 , 95.91445
650.9479904174805 ,1, -1 , 96.0169
651.4305214881897 ,1, -1 , 96.0253
651.9154386520386 ,1, -1 , 96.25885
652.3976602554321 ,1, -1 , 96.086
652.8813605308533 ,1, -1 , 96.0622
653.364271402359 ,1, -1 , 96.19965000000002
653.8473763465881 ,1, -1 , 96.12800000000001
654.3309533596039 ,1, -1 , 96.21719999999999
654.8142669200897 ,1, -1 , 96.23815
655.296802520752 ,1, -1 , 96.1075
655.7812135219574 ,1, -1 , 96.02215000000001
656.2635056972504 ,1, -1 , 96.09805
656.7476608753204 ,1, -1 , 96.03925
657.2309091091156 ,1, -1 , 95.96150000000002
657.7137668132782 ,1, -1 , 96.06295
658.196469783783 ,1, -1 , 96.08395
658.6795189380646 ,1, -1 , 96.1413
659.1663300991058 ,0,NA, 95.9629
659.6479079723358 ,0,NA, 96.0314
660.1291816234589 ,0,NA, 96.07835
660.6136162281036 ,0,NA, 96.3133
661.0963408946991 ,0,NA, 95.96345
661.5803775787354 ,0,NA, 96.0835
662.0649478435516 ,0,NA, 96.0161
662.5467927455902 ,0,NA, 96.07495000000002
663.0297989845276 ,0,NA, 96.12579999999998
663.5141086578369 ,0,NA, 95.92424999999999
663.9959487915039 ,0,NA, 96.11425
664.4794857501984 ,0,NA, 96.12865000000001
664.9629096984863 ,0,NA, 96.1657
665.4455196857452 ,0,NA, 95.95859999999999
665.9310386180878 ,0,NA, 96.0844
666.4131870269775 ,0,NA, 96.11265
666.8956563472748 ,0,NA, 96.11095
667.380490064621 ,0,NA, 95.9857
667.8630886077881 ,0,NA, 96.09309999999999
668.3459882736206 ,0,NA, 95.9519
668.8296186923981 ,0,NA, 96.30499999999999
669.3224608898163 ,1, 0 , 96.209
669.7966930866241 ,1, 0 , 96.03945
670.2797503471375 ,1, 0 , 96.10404999999999
670.7625555992126 ,1, 0 , 96.215
671.2466468811035 ,1, 0 , 96.18445
671.7284734249115 ,1, 0 , 95.9382
672.212690114975 ,1, 0 , 96.07005
672.6955459117889 ,1, 0 , 96.14275
673.1785020828247 ,1, 0 , 96.16645
673.6618280410767 ,1, 0 , 96.0385
674.1452951431274 ,1, 0 , 96.07920000000001
674.6287176609039 ,1, 0 , 96.0225
675.1133601665497 ,1, 0 , 95.96325
675.5955531597137 ,1, 0 , 96.04515
676.0787882804871 ,1, 0 , 95.98685
676.5627927780151 ,1, 0 , 96.12605
677.0446736812592 ,1, 0 , 96.04525000000001
677.5283346176147 ,1, 0 , 96.26505
678.0116608142853 ,1, 0 , 95.99465000000001
678.4954450130463 ,1, 0 , 96.1791
678.9794313907623 ,1, 0 , 96.11404999999999
679.4619364738464 ,1, 0 , 96.2254
679.9446475505829 ,1, 0 , 96.06025000000001
680.4284040927887 ,1, 0 , 96.05754999999999
680.9119760990143 ,1, 0 , 96.12724999999999
681.395346403122 ,1, 0 , 95.98455
681.8782753944397 ,1, 0 , 95.95770000000002
682.3608429431915 ,1, 0 , 95.93945000000001
682.8461244106293 ,1, 0 , 96.07175
683.327531337738 ,1, 0 , 96.0338
683.8113605976105 ,1, 0 , 96.2173
684.2941210269928 ,1, 0 , 96.01235000000001
684.7778148651123 ,1, 0 , 96.04515
685.2623393535614 ,1, 0 , 96.02435
685.7443318367004 ,1, 0 , 96.06905
686.2272953987122 ,1, 0 , 96.10629999999999
686.71240401268 ,1, 0 , 96.22479999999999
687.1940310001373 ,1, 0 , 96.13255
687.677915096283 ,1, 0 , 96.04475000000001
688.1605944633484 ,1, 0 , 96.14355000000002
688.644535779953 ,1, 0 , 95.95585
689.1277933120728 ,1, 0 , 96.177
689.6156983375549 ,0,NA, 96.07934999999999
690.0931148529053 ,0,NA, 96.34199999999998
690.5787189006805 ,0,NA, 96.10395
691.0602736473083 ,0,NA, 96.1046
691.5437631607056 ,0,NA, 96.07140000000001
692.027752161026 ,0,NA, 96.34859999999999
692.5099890232086 ,0,NA, 95.98545
692.9939122200012 ,0,NA, 95.97325
693.4767150878906 ,0,NA, 96.0974
693.9602560997009 ,0,NA, 95.9084
694.4453115463257 ,0,NA, 96.2642
694.9264476299286 ,0,NA, 96.06725
695.4105169773102 ,0,NA, 96.07525000000001
695.8938777446747 ,0,NA, 96.04265
696.3767094612122 ,0,NA, 96.17485
696.8601477146149 ,0,NA, 96.0842
697.3430330753326 ,0,NA, 96.1651
697.8266141414642 ,0,NA, 96.08834999999999
698.3112711906433 ,0,NA, 96.09015000000001
698.792952299118 ,0,NA, 96.06915
699.2767601013184 ,0,NA, 96.11525
699.7696988582611 ,1, 1 , 96.06350000000002
700.2431581020355 ,1, 1 , 96.14155
700.7257990837097 ,1, 1 , 96.01045000000002
701.2091934680939 ,1, 1 , 95.84625
701.6926865577698 ,1, 1 , 96.16230000000002
702.1772253513336 ,1, 1 , 96.15055000000001
702.6590542793274 ,1, 1 , 96.30035000000001
703.1430494785309 ,1, 1 , 96.0966
703.6266994476318 ,1, 1 , 96.16649999999998
704.1098098754883 ,1, 1 , 96.03095
704.592289686203 ,1, 1 , 96.18395
705.0762288570404 ,1, 1 , 96.0781
705.5590419769287 ,1, 1 , 96.02300000000001
706.0428640842438 ,1, 1 , 96.0404
706.5258884429932 ,1, 1 , 96.2796
707.0089230537415 ,1, 1 , 96.17249999999999
707.4928584098816 ,1, 1 , 96.02380000000001
707.9773848056793 ,1, 1 , 96.147
708.4595112800598 ,1, 1 , 96.02159999999999
708.9439387321472 ,1, 1 , 96.0913
709.4252247810364 ,1, 1 , 96.02870000000001
709.9087917804718 ,1, 1 , 96.02865
710.392228603363 ,1, 1 , 96.20975
710.8754465579987 ,1, 1 , 96.16955
711.3595960140228 ,1, 1 , 96.14085
711.8419382572174 ,1, 1 , 95.9632
712.325756072998 ,1, 1 , 96.13500000000002
712.809885263443 ,1, 1 , 96.09035000000002
713.291258096695 ,1, 1 , 96.0959
713.7749974727631 ,1, 1 , 96.05160000000001
714.2588567733765 ,1, 1 , 96.0733
714.741562128067 ,1, 1 , 96.02345
715.226095199585 ,1, 1 , 96.15275
715.7080178260803 ,1, 1 , 96.0747
716.1918642520905 ,1, 1 , 96.04410000000001
716.6762869358063 ,1, 1 , 96.00429999999999
717.1582636833191 ,1, 1 , 96.20400000000001
717.6410665512085 ,1, 1 , 96.08185
718.1253273487091 ,1, 1 , 96.17809999999999
718.6077754497528 ,1, 1 , 96.1367
719.0923781394958 ,1, 1 , 96.17445
719.5744576454163 ,1, 1 , 96.20425
720.0635533332825 ,0,NA, 96.0965
720.542674779892 ,0,NA, 96.14059999999999
721.0242967605591 ,0,NA, 96.02385
721.5079536437988 ,0,NA, 96.18284999999999
721.990779876709 ,0,NA, 95.99515000000001
722.4742901325226 ,0,NA, 96.2625
722.9587535858154 ,0,NA, 96.0246
723.4411044120789 ,0,NA, 96.17295000000001
723.9248127937317 ,0,NA, 96.19295
724.4083144664764 ,0,NA, 95.94495
724.8907434940338 ,0,NA, 96.01725
725.3736324310303 ,0,NA, 96.01410000000001
725.857045173645 ,0,NA, 96.18885000000002
726.3402962684631 ,0,NA, 96.0766
726.8239233493805 ,0,NA, 95.90785
727.3078413009644 ,0,NA, 96.06215
727.7909462451935 ,0,NA, 96.142
728.2747433185577 ,0,NA, 96.07445000000001
728.7576396465302 ,0,NA, 96.17859999999999
729.2406997680664 ,0,NA, 96.14205
729.723774433136 ,0,NA, 96.161
730.2140536308289 ,1, 2 , 96.2294
730.6903936862946 ,1, 2 , 96.16115
731.1734049320221 ,1, 2 , 96.06075
731.6574938297272 ,1, 2 , 96.03105
732.1406970024109 ,1, 2 , 96.1653
732.6238939762115 ,1, 2 , 95.91689999999998
733.106645822525 ,1, 2 , 96.00245000000001
733.5911953449249 ,1, 2 , 96.14549999999998
734.0730652809143 ,1, 2 , 96.0518
734.5568518638611 ,1, 2 , 96.25155000000001
735.0399103164673 ,1, 2 , 96.07000000000001
735.5230715274811 ,1, 2 , 96.01535
736.0080716609955 ,1, 2 , 96.07350000000001
736.4896204471588 ,1, 2 , 96.14785
736.9726991653442 ,1, 2 , 95.92929999999998
737.4579548835754 ,1, 2 , 96.06590000000001
737.9400157928467 ,1, 2 , 96.01345
738.4227275848389 ,1, 2 , 96.17074999999998
738.9060571193695 ,1, 2 , 96.07890000000002
739.3892931938171 ,1, 2 , 96.12895
739.8740229606628 ,1, 2 , 96.02855000000001
740.3561410903931 ,1, 2 , 95.96445
740.839269399643 ,1, 2 , 96.06065000000001
741.3235809803009 ,1, 2 , 95.91284999999999
741.8055956363678 ,1, 2 , 96.0207
742.2894148826599 ,1, 2 , 96.15279999999998
742.7729816436768 ,1, 2 , 96.18495
743.2564947605133 ,1, 2 , 96.03215
743.7393307685852 ,1, 2 , 96.117
744.222992181778 ,1, 2 , 96.04885000000002
744.7058300971985 ,1, 2 , 96.05479999999999
745.1902756690979 ,1, 2 , 96.16245
745.6726131439209 ,1, 2 , 96.02895
746.1557919979095 ,1, 2 , 96.0142
746.6401641368866 ,1, 2 , 96.08004999999999
747.1227467060089 ,1, 2 , 96.01944999999999
747.605794429779 ,1, 2 , 95.93395
748.0907602310181 ,1, 2 , 96.07934999999999
748.5723242759705 ,1, 2 , 96.06320000000001
749.0552704334259 ,1, 2 , 96.28955
749.5385844707489 ,1, 2 , 96.14059999999999
750.0218071937561 ,1, 2 , 96.04085
750.5117404460907 ,0,NA, 96.1311
750.9888989925385 ,0,NA, 96.003
751.4715428352356 ,0,NA, 96.01334999999999
751.956396818161 ,0,NA, 95.99109999999999
752.4376137256622 ,0,NA, 96.03505
752.9218561649323 ,0,NA, 96.0622
753.4049170017242 ,0,NA, 96.21705
753.8879156112671 ,0,NA, 96.09925000000001
754.3726480007172 ,0,NA, 96.12499999999999
754.8554484844208 ,0,NA, 95.95925
755.3379082679749 ,0,NA, 96.18820000000001
755.8224802017212 ,0,NA, 96.13500000000002
756.3045480251312 ,0,NA, 96.23559999999999
756.7887558937073 ,0,NA, 96.16565000000001
757.2714221477509 ,0,NA, 96.1442
757.7537796497345 ,0,NA, 96.076
758.2394123077393 ,0,NA, 95.9241
758.7207045555115 ,0,NA, 96.08434999999999
759.2045021057129 ,0,NA, 96.12575
759.6891667842865 ,0,NA, 96.32994999999998
760.1710884571075 ,0,NA, 96.134
760.6648647785187 ,1, 3 , 96.07155
761.1376268863678 ,1, 3 , 96.00285
761.6208205223083 ,1, 3 , 96.17925
762.1049931049347 ,1, 3 , 96.10465
762.5875096321106 ,1, 3 , 96.18075000000002
763.0710628032684 ,1, 3 , 96.07870000000001
763.555990934372 ,1, 3 , 96.0283
764.0374593734741 ,1, 3 , 96.21565000000001
764.5214684009552 ,1, 3 , 96.09004999999999
765.0045795440674 ,1, 3 , 96.06084999999999
765.4878854751587 ,1, 3 , 96.1404
765.9702508449554 ,1, 3 , 96.17005
766.4541730880737 ,1, 3 , 96.04319999999998
766.9373035430908 ,1, 3 , 95.87050000000002
767.4216175079346 ,1, 3 , 96.13875
767.9038558006287 ,1, 3 , 96.22515
768.3873274326324 ,1, 3 , 96.28464999999998
768.8706510066986 ,1, 3 , 96.1945
769.3539433479309 ,1, 3 , 96.08130000000001
769.8368196487427 ,1, 3 , 96.01714999999999
770.3198778629303 ,1, 3 , 96.21269999999998
770.8038418292999 ,1, 3 , 96.0582
771.2883265018463 ,1, 3 , 96.07425
771.7705566883087 ,1, 3 , 96.08575000000002
772.253258228302 ,1, 3 , 95.99649999999998
772.7382164001465 ,1, 3 , 96.10365
773.2204723358154 ,1, 3 , 96.06325
773.7031145095825 ,1, 3 , 96.04169999999999
774.1868360042572 ,1, 3 , 96.08009999999999
774.6696150302887 ,1, 3 , 96.2082
775.1537761688232 ,1, 3 , 96.10145000000001
775.6365914344788 ,1, 3 , 96.09790000000001
776.1201186180115 ,1, 3 , 96.04429999999999
776.604733467102 ,1, 3 , 96.00779999999999
777.0865619182587 ,1, 3 , 96.15065
777.5697326660156 ,1, 3 , 96.06965
778.0530135631561 ,1, 3 , 96.08535
778.5392506122589 ,1, 3 , 96.1287
779.0199160575867 ,1, 3 , 96.07525000000001
779.5028512477875 ,1, 3 , 95.97435
779.9865069389343 ,1, 3 , 96.0364
780.4702100753784 ,1, 3 , 96.12629999999999
780.9581859111786 ,0,NA, 96.22675000000001
781.4357707500458 ,0,NA, 96.1039
781.9197664260864 ,0,NA, 96.166
782.4022827148438 ,0,NA, 96.2058
782.8859090805054 ,0,NA, 96.00459999999998
783.369518995285 ,0,NA, 96.1039
783.8532891273499 ,0,NA, 95.95765
784.3369863033295 ,0,NA, 96.1111
784.8196749687195 ,0,NA, 96.04319999999998
785.3020670413971 ,0,NA, 96.2718
785.7862780094147 ,0,NA, 95.96714999999999
786.2693419456482 ,0,NA, 96.05655
786.7527441978455 ,0,NA, 96.07959999999999
787.2355422973633 ,0,NA, 95.95925
787.7188158035278 ,0,NA, 96.19975000000001
788.2039737701416 ,0,NA, 96.31750000000001
788.6861097812653 ,0,NA, 96.06259999999999
789.1691246032715 ,0,NA, 96.25
789.6524138450623 ,0,NA, 96.2346
790.1351563930511 ,0,NA, 96.00935000000001
790.618292093277 ,0,NA, 96.05570000000002
