2.0079379081726074 ,0, -25 , 95.70549999999999
2.225594997406006 ,0, -25 , 95.67495000000001
2.708371162414551 ,0, -25 , 96.0418
3.190901041030884 ,0, -25 , 96.20295
3.672792673110962 ,0, -25 , 95.96900000000002
4.158680200576782 ,0, -25 , 96.0936
4.640283107757568 ,0, -25 , 95.8742
5.123579263687134 ,0, -25 , 95.80995000000001
5.60778284072876 ,0, -25 , 96.22085
6.086759328842163 ,0, -25 , 96.0958
6.572098731994629 ,0, -25 , 95.9512
7.054567098617554 ,0, -25 , 95.80975000000001
7.5402514934539795 ,0, -25 , 95.91535
8.024033069610596 ,0, -25 , 96.19505000000001
8.505717277526855 ,0, -25 , 96.11089999999999
8.98890733718872 ,0, -25 , 96.0134
9.47368311882019 ,0, -25 , 95.86825
9.954373836517334 ,0, -25 , 95.9152
10.437848806381226 ,0, -25 , 96.04135000000001
10.919722080230713 ,0, -25 , 96.07934999999999
11.404035806655884 ,0, -25 , 95.9381
11.887103796005249 ,0, -25 , 95.72579999999999
12.375072479248047 ,0, -25 , 96.07955
12.855893850326538 ,0, -25 , 96.25135
13.337464094161987 ,0, -25 , 96.18150000000001
13.822675943374634 ,0, -25 , 95.87965
14.301953792572021 ,0, -25 , 95.75349999999999
14.788705587387085 ,0, -25 , 95.91929999999999
15.271926879882812 ,0, -25 , 96.20824999999998
15.753174066543579 ,0, -25 , 96.0602
16.238184928894043 ,0, -25 , 95.95459999999999
16.720224142074585 ,0, -25 , 95.74409999999999
17.200675010681152 ,0, -25 , 95.94625
17.689743518829346 ,0, -25 , 96.19330000000001
18.171433687210083 ,0, -25 , 96.14275
18.65266466140747 ,0, -25 , 95.9486
19.1343674659729 ,0, -25 , 95.66080000000001
19.620882987976074 ,0, -25 , 95.92005000000002
20.104257106781006 ,0, -25 , 96.15534999999998
20.586419105529785 ,0, -25 , 96.18379999999999
21.069485664367676 ,0, -25 , 96.0379
21.55115795135498 ,0, -25 , 95.74835000000002
22.035355806350708 ,0, -25 , 95.88205
22.517325401306152 ,0, -25 , 96.00275
23.000328540802002 ,0, -25 , 96.22615
23.486674785614014 ,0, -25 , 96.04105000000001
23.97086811065674 ,0, -25 , 95.81375000000001
24.452849864959717 ,0, -25 , 95.80299999999998
24.93294072151184 ,0, -25 , 96.13664999999999
25.418530225753784 ,0, -25 , 96.03275
25.902696132659912 ,0, -25 , 95.914
26.385941743850708 ,0, -25 , 95.80205
26.86729121208191 ,0, -25 , 95.84259999999999
27.35247230529785 ,0, -25 , 96.02274999999999
27.837251663208008 ,0, -25 , 96.12025
28.31743812561035 ,0, -25 , 96.14495
28.802358150482178 ,0, -25 , 95.89065000000001
29.283892154693604 ,0, -25 , 95.78245000000001
29.76848530769348 ,0, -25 , 96.02155
30.251184463500977 ,0, -25 , 96.12484999999998
30.73178219795227 ,0, -25 , 96.13725
31.216933488845825 ,0, -25 , 95.58525
31.70169758796692 ,0, -25 , 95.79405000000001
32.182583808898926 ,0, -25 , 96.09225
32.6664674282074 ,0, -25 , 96.21895
33.148987770080566 ,0, -25 , 96.13045
33.63110876083374 ,0, -25 , 95.87185
34.11455512046814 ,0, -25 , 95.76504999999999
34.59996581077576 ,0, -25 , 95.891
35.08058285713196 ,0, -25 , 96.16725000000001
35.568140745162964 ,0, -25 , 96.20410000000001
36.048550605773926 ,0, -25 , 95.97685
36.53377723693848 ,0, -25 , 95.76895
37.01741361618042 ,0, -25 , 95.96145
37.495609760284424 ,0, -25 , 96.24494999999999
37.98014807701111 ,0, -25 , 95.92495
38.469170331954956 ,0, -25 , 95.8238
38.94531512260437 ,0, -25 , 95.72145
39.42939615249634 ,0, -25 , 95.9074
39.91548705101013 ,0, -25 , 96.24385
40.39909338951111 ,0, -25 , 96.07385
40.88335919380188 ,0, -25 , 95.99375
41.36182165145874 ,0, -25 , 95.89685000000001
41.84802174568176 ,0, -25 , 95.81710000000001
42.33248496055603 ,0, -25 , 96.18025000000002
42.815305948257446 ,0, -25 , 96.14145
43.29686403274536 ,0, -25 , 95.9518
43.78258156776428 ,0, -25 , 95.67875000000001
44.26068449020386 ,0, -25 , 95.9554
44.7443470954895 ,0, -25 , 96.15310000000001
45.23137974739075 ,0, -25 , 96.18945
45.714444637298584 ,0, -25 , 96.0657
46.1946656703949 ,0, -25 , 95.77109999999999
46.68096852302551 ,0, -25 , 95.8463
47.164371967315674 ,0, -25 , 96.1849
47.64743971824646 ,0, -25 , 96.25975
48.12902307510376 ,0, -25 , 96.09305
48.60983657836914 ,0, -25 , 95.73519999999999
49.092684507369995 ,0, -25 , 95.7928
49.57580256462097 ,0, -25 , 96.23425000000002
50.06429100036621 ,0, -25 , 95.98965000000001
50.54311943054199 ,0, -25 , 95.96664999999999
51.02962255477905 ,0, -25 , 95.8202
51.508477210998535 ,0, -25 , 95.8865
51.99348568916321 ,0, -25 , 95.92975000000001
52.47918224334717 ,0, -25 , 96.19205
52.95859360694885 ,0, -25 , 96.08095
53.444769620895386 ,0, -25 , 95.93780000000001
53.92602610588074 ,0, -25 , 95.85635
54.410497426986694 ,0, -25 , 95.9066
54.8928542137146 ,0, -25 , 96.20025000000001
55.37819266319275 ,0, -25 , 96.12035000000002
55.86214852333069 ,0, -25 , 95.75044999999999
56.34585404396057 ,0, -25 , 95.86625
56.8279242515564 ,0, -25 , 96.06924999999998
57.31205344200134 ,0, -25 , 95.97364999999999
57.79222893714905 ,0, -25 , 95.91659999999999
58.277947425842285 ,0, -25 , 95.64970000000001
58.76020693778992 ,0, -25 , 95.69205000000001
59.24136519432068 ,0, -25 , 95.83309999999999
59.72593402862549 ,0, -25 , 96.17135
62.22183418273926 ,1, -15 , 96.25445
62.628419637680054 ,1, -15 , 95.99394999999998
63.10954213142395 ,1, -15 , 96.11935
63.589744329452515 ,1, -15 , 95.89425
64.07254004478455 ,1, -15 , 95.79625
64.5591299533844 ,1, -15 , 96.1162
65.04273390769958 ,1, -15 , 96.0899
65.52589535713196 ,1, -15 , 96.08004999999999
66.00506210327148 ,1, -15 , 95.90320000000001
66.48765969276428 ,1, -15 , 95.85235
66.97238206863403 ,1, -15 , 96.29175
67.45847702026367 ,1, -15 , 96.1251
67.93877387046814 ,1, -15 , 96.02704999999999
68.42521095275879 ,1, -15 , 95.7853
68.90774154663086 ,1, -15 , 95.80850000000001
69.3930549621582 ,1, -15 , 96.12534999999998
69.87339544296265 ,1, -15 , 96.13495
70.35753393173218 ,1, -15 , 95.98489999999998
70.84234142303467 ,1, -15 , 95.8177
71.32395315170288 ,1, -15 , 95.86025
71.80714821815491 ,1, -15 , 96.05135
72.28758811950684 ,1, -15 , 96.04244999999999
72.7741334438324 ,1, -15 , 96.01055000000001
73.25327610969543 ,1, -15 , 95.84315000000001
73.73973751068115 ,1, -15 , 95.70439999999999
74.22413396835327 ,1, -15 , 95.87479999999998
74.70770835876465 ,1, -15 , 96.02525
75.19075345993042 ,1, -15 , 95.9715
75.6740095615387 ,1, -15 , 95.65440000000001
76.156893491745 ,1, -15 , 95.86135
76.63988280296326 ,1, -15 , 96.09434999999999
77.12394618988037 ,1, -15 , 96.17515
77.6030523777008 ,1, -15 , 95.95655000000001
78.08873772621155 ,1, -15 , 95.95275000000001
78.57362580299377 ,1, -15 , 95.69615
79.05432224273682 ,1, -15 , 95.86700000000002
79.53915143013 ,1, -15 , 96.14089999999999
80.019455909729 ,1, -15 , 96.11484999999999
80.50489354133606 ,1, -15 , 95.97225
80.98849987983704 ,1, -15 , 95.91775
81.46759557723999 ,1, -15 , 95.91264999999999
81.95349049568176 ,1, -15 , 96.24205000000002
82.44423031806946 ,0, -25 , 95.93925
82.92121171951294 ,0, -25 , 96.06639999999999
83.4054765701294 ,0, -25 , 95.57554999999999
83.88826704025269 ,0, -25 , 95.9265
84.36929082870483 ,0, -25 , 96.14235
84.85538983345032 ,0, -25 , 96.0559
85.333979845047 ,0, -25 , 96.0309
85.81878018379211 ,0, -25 , 95.76634999999999
86.30235028266907 ,0, -25 , 95.93065
86.78759288787842 ,0, -25 , 95.6234
87.27124977111816 ,0, -25 , 96.04410000000001
87.7524516582489 ,0, -25 , 96.1082
88.23586010932922 ,0, -25 , 95.61025
88.7214457988739 ,0, -25 , 95.83225
89.20394134521484 ,0, -25 , 95.94610000000002
89.68488717079163 ,0, -25 , 96.11885
90.16663765907288 ,0, -25 , 96.19465
90.65187287330627 ,0, -25 , 95.81345000000002
91.13606905937195 ,0, -25 , 95.79275
91.6198456287384 ,0, -25 , 96.24475000000001
92.10055327415466 ,0, -25 , 96.2038
94.6109311580658 ,1, -14 , 96.02369999999999
95.00152611732483 ,1, -14 , 96.10795
95.48340201377869 ,1, -14 , 95.91445
95.9638307094574 ,1, -14 , 95.8453
96.4533543586731 ,1, -14 , 96.04339999999999
96.93504428863525 ,1, -14 , 96.35804999999999
97.41635632514954 ,1, -14 , 96.0722
97.90293383598328 ,1, -14 , 95.92499999999998
98.38395857810974 ,1, -14 , 95.77394999999999
98.8666455745697 ,1, -14 , 95.9242
99.35004019737244 ,1, -14 , 96.24300000000001
99.8305013179779 ,1, -14 , 96.1629
100.31737351417542 ,1, -14 , 95.92125
100.79688119888306 ,1, -14 , 95.8374
101.2842025756836 ,1, -14 , 95.98445
101.76831388473511 ,1, -14 , 96.14665
102.25019145011902 ,1, -14 , 96.1724
102.73146605491638 ,1, -14 , 95.7411
103.21391344070435 ,1, -14 , 95.77249999999998
103.69744777679443 ,1, -14 , 95.91495
104.18120336532593 ,1, -14 , 96.26285
104.66214442253113 ,1, -14 , 95.801
105.15041375160217 ,1, -14 , 95.81840000000001
105.63340735435486 ,1, -14 , 95.77035
106.113534450531 ,1, -14 , 95.85300000000001
106.59551930427551 ,1, -14 , 96.21275
107.08443140983582 ,1, -14 , 96.06844999999998
107.56457686424255 ,1, -14 , 96.07780000000001
108.04880142211914 ,1, -14 , 95.74585
108.530601978302 ,1, -14 , 95.7849
109.01245903968811 ,1, -14 , 96.19885000000001
109.4957184791565 ,1, -14 , 95.98020000000001
109.98215579986572 ,1, -14 , 95.89959999999999
110.4654848575592 ,1, -14 , 95.67505
110.9487829208374 ,1, -14 , 95.855
111.43109345436096 ,1, -14 , 95.85005
111.91252255439758 ,1, -14 , 96.21425
112.39782667160034 ,1, -14 , 96.0806
112.87850332260132 ,1, -14 , 95.91585
113.36305260658264 ,1, -14 , 95.86245
113.84771227836609 ,1, -14 , 96.115
114.33193111419678 ,1, -14 , 96.19635
114.81839179992676 ,0, -25 , 96.05865
115.29732394218445 ,0, -25 , 95.84790000000001
115.78064703941345 ,0, -25 , 95.82110000000002
116.26391696929932 ,0, -25 , 95.94265
116.74690365791321 ,0, -25 , 96.24935
117.22694134712219 ,0, -25 , 96.14549999999998
117.71337866783142 ,0, -25 , 95.72235
118.1954460144043 ,0, -25 , 95.77805000000001
118.68051528930664 ,0, -25 , 95.85215
119.16096091270447 ,0, -25 , 95.9875
119.64573502540588 ,0, -25 , 96.05875000000002
120.12675213813782 ,0, -25 , 95.99870000000001
120.61227583885193 ,0, -25 , 95.80125
121.09504723548889 ,0, -25 , 95.81995
121.57883024215698 ,0, -25 , 96.2323
122.06230545043945 ,0, -25 , 96.0726
122.54746294021606 ,0, -25 , 96.03855
123.0288360118866 ,0, -25 , 95.87259999999999
123.51020503044128 ,0, -25 , 95.79544999999999
123.99323081970215 ,0, -25 , 96.2021
124.47656083106995 ,0, -25 , 96.01645
126.98449468612671 ,1, -13 , 96.02155
127.376220703125 ,1, -13 , 96.0823
127.86121249198914 ,1, -13 , 95.99515000000001
128.3425087928772 ,1, -13 , 95.93705000000001
128.82763051986694 ,1, -13 , 96.11640000000001
129.30776643753052 ,1, -13 , 96.2544
129.79219269752502 ,1, -13 , 96.05675
130.27714467048645 ,1, -13 , 95.86705
130.7581431865692 ,1, -13 , 95.765
131.24014043807983 ,1, -13 , 96.10105
131.72523069381714 ,1, -13 , 96.23140000000001
132.20903873443604 ,1, -13 , 95.90685
132.69206881523132 ,1, -13 , 95.66315
133.1766803264618 ,1, -13 , 95.694
133.65920042991638 ,1, -13 , 95.8518
134.14066863059998 ,1, -13 , 96.0667
134.62499332427979 ,1, -13 , 95.96935
135.10623836517334 ,1, -13 , 96.0535
135.59058094024658 ,1, -13 , 95.70214999999999
136.0743396282196 ,1, -13 , 95.93860000000001
136.55741167068481 ,1, -13 , 96.23514999999999
137.04016065597534 ,1, -13 , 96.05985000000001
137.52384757995605 ,1, -13 , 95.99265
138.00640892982483 ,1, -13 , 95.74249999999999
138.4922137260437 ,1, -13 , 95.83775
138.97421097755432 ,1, -13 , 96.07265
139.4583342075348 ,1, -13 , 96.13579999999999
139.9405641555786 ,1, -13 , 96.05845
140.42493629455566 ,1, -13 , 95.91659999999999
140.90907740592957 ,1, -13 , 95.78715
141.3885805606842 ,1, -13 , 95.95420000000001
141.8741476535797 ,1, -13 , 96.27255
142.35784888267517 ,1, -13 , 96.0045
142.8395380973816 ,1, -13 , 95.63989999999998
143.32400178909302 ,1, -13 , 95.74789999999999
143.8075680732727 ,1, -13 , 95.92385000000002
144.29030919075012 ,1, -13 , 96.27155
144.77327346801758 ,1, -13 , 96.1189
145.25314235687256 ,1, -13 , 95.95370000000001
145.73685503005981 ,1, -13 , 95.78774999999999
146.2240447998047 ,1, -13 , 96.0463
146.70627856254578 ,1, -13 , 96.04965
147.19198870658875 ,0, -25 , 96.07205
147.6728653907776 ,0, -25 , 95.76729999999999
148.15514135360718 ,0, -25 , 95.71315
148.63967275619507 ,0, -25 , 95.9332
149.1206784248352 ,0, -25 , 96.18120000000002
149.6048777103424 ,0, -25 , 96.0866
150.0893325805664 ,0, -25 , 96.04145
150.57010006904602 ,0, -25 , 95.7068
151.0544137954712 ,0, -25 , 95.83545
151.5385341644287 ,0, -25 , 96.16815
152.01895427703857 ,0, -25 , 96.08814999999998
152.50056290626526 ,0, -25 , 96.1074
152.98603463172913 ,0, -25 , 95.70145000000001
153.47012305259705 ,0, -25 , 95.7447
153.95268321037292 ,0, -25 , 96.15865000000001
154.43382668495178 ,0, -25 , 96.08545
154.92101097106934 ,0, -25 , 96.0971
155.4025330543518 ,0, -25 , 95.825
155.88387060165405 ,0, -25 , 95.87905
156.36986088752747 ,0, -25 , 96.04574999999998
156.85212063789368 ,0, -25 , 96.28620000000001
159.3541920185089 ,1, -12 , 96.32525000000001
159.75320887565613 ,1, -12 , 96.08165
160.2362084388733 ,1, -12 , 95.92070000000001
160.7205033302307 ,1, -12 , 95.77995
161.19937825202942 ,1, -12 , 95.83874999999999
161.6857352256775 ,1, -12 , 96.29229999999998
162.16955184936523 ,1, -12 , 95.93955
162.6520128250122 ,1, -12 , 95.97729999999999
163.13430881500244 ,1, -12 , 95.82925
163.6166250705719 ,1, -12 , 95.75985
164.09872603416443 ,1, -12 , 96.25325000000001
164.58201122283936 ,1, -12 , 96.10450000000002
165.06826090812683 ,1, -12 , 95.99029999999999
165.55183124542236 ,1, -12 , 95.73745
166.0351893901825 ,1, -12 , 95.95960000000001
166.51434755325317 ,1, -12 , 96.06479999999999
166.99898600578308 ,1, -12 , 96.08789999999999
167.48077487945557 ,1, -12 , 95.99934999999999
167.9636754989624 ,1, -12 , 95.76424999999999
168.44790363311768 ,1, -12 , 95.65365000000001
168.9329686164856 ,1, -12 , 96.20335
169.4177451133728 ,1, -12 , 96.07585
169.89964413642883 ,1, -12 , 96.13825
170.38274025917053 ,1, -12 , 95.76225
170.8671464920044 ,1, -12 , 95.8713
171.35031366348267 ,1, -12 , 95.99284999999999
171.83084106445312 ,1, -12 , 96.24570000000001
172.31274366378784 ,1, -12 , 96.10045
172.79678583145142 ,1, -12 , 95.9872
173.28421783447266 ,1, -12 , 95.80349999999999
173.76660633087158 ,1, -12 , 95.84985
174.24673652648926 ,1, -12 , 96.16299999999998
174.7306365966797 ,1, -12 , 96.05565
175.21507477760315 ,1, -12 , 96.0767
175.69878506660461 ,1, -12 , 95.65700000000001
176.17850971221924 ,1, -12 , 96.0366
176.6650631427765 ,1, -12 , 96.15625
177.14796805381775 ,1, -12 , 96.20020000000001
177.6300323009491 ,1, -12 , 96.01855000000002
178.1155071258545 ,1, -12 , 95.9183
178.59679532051086 ,1, -12 , 95.80635
179.08120942115784 ,1, -12 , 96.24075
179.56686735153198 ,0, -25 , 96.1546
180.04471850395203 ,0, -25 , 95.9913
180.52795267105103 ,0, -25 , 95.99619999999999
181.0108678340912 ,0, -25 , 95.70735000000002
181.49564814567566 ,0, -25 , 95.9896
181.97946286201477 ,0, -25 , 96.02435
182.46553111076355 ,0, -25 , 96.19704999999999
182.9450294971466 ,0, -25 , 95.9547
183.42915511131287 ,0, -25 , 95.696
183.91426968574524 ,0, -25 , 96.1825
184.39326906204224 ,0, -25 , 96.3381
184.8784303665161 ,0, -25 , 96.10875000000001
185.3633131980896 ,0, -25 , 95.7421
185.84277296066284 ,0, -25 , 95.75925000000001
186.3283131122589 ,0, -25 , 95.9059
186.81282901763916 ,0, -25 , 96.35555000000001
187.29264569282532 ,0, -25 , 96.2045
187.77898502349854 ,0, -25 , 95.91210000000001
188.2624876499176 ,0, -25 , 95.70415
188.74569630622864 ,0, -25 , 95.92690000000002
189.22716760635376 ,0, -25 , 96.02470000000001
191.73390316963196 ,1, -11 , 96.19324999999999
192.1275143623352 ,1, -11 , 96.245
192.61054253578186 ,1, -11 , 96.02505000000001
193.09455943107605 ,1, -11 , 95.64175000000002
193.57384252548218 ,1, -11 , 95.70240000000001
194.06005215644836 ,1, -11 , 96.04795000000001
194.54160284996033 ,1, -11 , 96.20015
195.0251705646515 ,1, -11 , 96.08080000000001
195.50952458381653 ,1, -11 , 95.86185
195.9931125640869 ,1, -11 , 95.73340000000002
196.47451663017273 ,1, -11 , 96.05019999999999
196.9570574760437 ,1, -11 , 96.2604
197.44328331947327 ,1, -11 , 96.0242
197.92554926872253 ,1, -11 , 95.97744999999999
198.40973472595215 ,1, -11 , 95.75645000000002
198.8926980495453 ,1, -11 , 95.87149999999998
199.37785387039185 ,1, -11 , 96.18854999999999
199.85849404335022 ,1, -11 , 96.15215
200.34262251853943 ,1, -11 , 95.93625
200.82310819625854 ,1, -11 , 95.7484
201.30757474899292 ,1, -11 , 95.90214999999999
201.79279613494873 ,1, -11 , 96.1248
202.275386095047 ,1, -11 , 96.1749
202.7581443786621 ,1, -11 , 96.2229
203.24083948135376 ,1, -11 , 95.74005000000001
203.7251524925232 ,1, -11 , 95.84819999999999
204.20823693275452 ,1, -11 , 96.04164999999999
204.69202303886414 ,1, -11 , 96.32579999999999
205.17517471313477 ,1, -11 , 96.12370000000001
205.65621638298035 ,1, -11 , 95.72655000000002
206.1374795436859 ,1, -11 , 95.8896
206.62494778633118 ,1, -11 , 95.9562
207.10680198669434 ,1, -11 , 95.98955
207.58981204032898 ,1, -11 , 96.155
208.07029390335083 ,1, -11 , 95.91210000000001
208.5554370880127 ,1, -11 , 95.6699
209.03865671157837 ,1, -11 , 95.7542
209.52115297317505 ,1, -11 , 96.10570000000001
210.00645327568054 ,1, -11 , 96.2349
210.4873809814453 ,1, -11 , 95.93679999999999
210.9749517440796 ,1, -11 , 95.74445
211.45342898368835 ,1, -11 , 95.8978
211.94500255584717 ,0, -25 , 96.13965
212.42312359809875 ,0, -25 , 96.08595
212.90331768989563 ,0, -25 , 96.0928
213.38812017440796 ,0, -25 , 95.7859
213.87313795089722 ,0, -25 , 95.84485
214.3552167415619 ,0, -25 , 96.175
214.83706402778625 ,0, -25 , 96.2169
215.3226842880249 ,0, -25 , 96.14005
215.80175042152405 ,0, -25 , 95.79100000000001
216.2877459526062 ,0, -25 , 95.66460000000001
216.77227401733398 ,0, -25 , 95.9784
217.25142097473145 ,0, -25 , 95.94325
217.740571975708 ,0, -25 , 96.098
218.2209451198578 ,0, -25 , 95.80630000000001
218.70380473136902 ,0, -25 , 95.7766
219.18559980392456 ,0, -25 , 96.03915
219.66874742507935 ,0, -25 , 96.23775
220.153644323349 ,0, -25 , 96.1582
220.63856649398804 ,0, -25 , 95.96935
221.11868619918823 ,0, -25 , 95.7861
221.60355615615845 ,0, -25 , 95.93374999999999
224.1141390800476 ,1, -10 , 95.84625
224.50123691558838 ,1, -10 , 96.16385
224.98462557792664 ,1, -10 , 95.98660000000001
225.46856999397278 ,1, -10 , 95.90944999999999
225.9496247768402 ,1, -10 , 95.65615
226.4323832988739 ,1, -10 , 95.8713
226.91892886161804 ,1, -10 , 96.00915
227.40278387069702 ,1, -10 , 96.0925
227.8871603012085 ,1, -10 , 96.1332
228.3688187599182 ,1, -10 , 95.84350000000002
228.8485038280487 ,1, -10 , 95.89325
229.33403897285461 ,1, -10 , 95.79625
229.8179006576538 ,1, -10 , 96.19255
230.29797220230103 ,1, -10 , 96.1501
230.78493666648865 ,1, -10 , 96.04915
231.26862215995789 ,1, -10 , 95.75614999999999
231.74905252456665 ,1, -10 , 95.8742
232.23508644104004 ,1, -10 , 96.33165000000001
232.7148711681366 ,1, -10 , 95.96584999999999
233.19813179969788 ,1, -10 , 96.0731
233.68106698989868 ,1, -10 , 95.56010000000002
234.16631841659546 ,1, -10 , 95.67330000000001
234.6469497680664 ,1, -10 , 95.97565000000002
235.13292479515076 ,1, -10 , 95.99925
235.6177499294281 ,1, -10 , 96.03049999999999
236.1009018421173 ,1, -10 , 95.8874
236.58033180236816 ,1, -10 , 95.88024999999999
237.06690764427185 ,1, -10 , 95.8874
237.5476484298706 ,1, -10 , 96.299
238.03446078300476 ,1, -10 , 96.28970000000001
238.51441168785095 ,1, -10 , 95.80865
238.99961042404175 ,1, -10 , 95.87549999999999
239.48341989517212 ,1, -10 , 96.04339999999999
239.96642470359802 ,1, -10 , 96.16125
240.4472415447235 ,1, -10 , 96.0767
240.93396973609924 ,1, -10 , 95.76995000000001
241.41548371315002 ,1, -10 , 95.81315000000001
241.8971917629242 ,1, -10 , 95.87499999999999
242.38277435302734 ,1, -10 , 96.10229999999999
242.86528611183167 ,1, -10 , 96.12180000000001
243.3485448360443 ,1, -10 , 95.9123
243.832204580307 ,1, -10 , 95.8401
244.3178436756134 ,0, -25 , 95.892
244.79893493652344 ,0, -25 , 96.23705
245.28182792663574 ,0, -25 , 96.16649999999998
245.7624912261963 ,0, -25 , 96.06045
246.24588656425476 ,0, -25 , 95.9335
246.72774147987366 ,0, -25 , 95.81349999999999
247.21465849876404 ,0, -25 , 96.01619999999998
247.69833827018738 ,0, -25 , 96.2611
248.18123698234558 ,0, -25 , 96.1273
248.66446805000305 ,0, -25 , 95.98765
249.14354801177979 ,0, -25 , 95.83829999999999
249.6279492378235 ,0, -25 , 95.93420000000002
250.11104679107666 ,0, -25 , 96.1532
250.59386277198792 ,0, -25 , 96.11275000000002
251.07601118087769 ,0, -25 , 95.79625
251.56325674057007 ,0, -25 , 95.63735
252.04650735855103 ,0, -25 , 95.8301
252.52915477752686 ,0, -25 , 96.15295
253.01184344291687 ,0, -25 , 96.21065
253.49666595458984 ,0, -25 , 95.9675
253.97764229774475 ,0, -25 , 95.70149999999998
256.47920656204224 ,1, -9 , 95.84965
256.87501192092896 ,1, -9 , 95.68815
257.3576281070709 ,1, -9 , 95.9268
257.8431341648102 ,1, -9 , 96.05565
258.3245325088501 ,1, -9 , 96.0784
258.8130087852478 ,1, -9 , 96.10279999999999
259.291561126709 ,1, -9 , 95.79035
259.7771706581116 ,1, -9 , 95.86915
260.2604160308838 ,1, -9 , 96.19105
260.7408769130707 ,1, -9 , 96.1357
261.2235984802246 ,1, -9 , 96.03920000000001
261.7086853981018 ,1, -9 , 95.83435
262.18968200683594 ,1, -9 , 95.8974
262.67540311813354 ,1, -9 , 96.20265
263.1564037799835 ,1, -9 , 96.25769999999999
263.6423816680908 ,1, -9 , 96.16629999999999
264.12435126304626 ,1, -9 , 95.93634999999999
264.6099088191986 ,1, -9 , 95.95079999999999
265.09014201164246 ,1, -9 , 95.91709999999999
265.57515025138855 ,1, -9 , 96.22255
266.05894207954407 ,1, -9 , 96.0847
266.5420489311218 ,1, -9 , 95.9205
267.02382135391235 ,1, -9 , 95.7894
267.5054135322571 ,1, -9 , 95.99680000000001
267.9895439147949 ,1, -9 , 96.26240000000001
268.4758472442627 ,1, -9 , 96.1347
268.9569993019104 ,1, -9 , 96.03515
269.44091272354126 ,1, -9 , 95.60649999999998
269.92500472068787 ,1, -9 , 95.79595
270.40846395492554 ,1, -9 , 96.09585
270.8915147781372 ,1, -9 , 96.021
271.3754777908325 ,1, -9 , 96.11795
271.8562948703766 ,1, -9 , 95.7996
272.3383755683899 ,1, -9 , 95.89989999999999
272.82342505455017 ,1, -9 , 96.19025
273.307519197464 ,1, -9 , 96.0724
273.7889289855957 ,1, -9 , 96.06475
274.27375292778015 ,1, -9 , 95.7215
274.7548871040344 ,1, -9 , 95.8749
275.23814129829407 ,1, -9 , 96.03855
275.72067046165466 ,1, -9 , 95.94855
276.2069046497345 ,1, -9 , 96.10125000000001
276.6958544254303 ,0, -25 , 96.09845
277.1716375350952 ,0, -25 , 95.81939999999999
277.6529004573822 ,0, -25 , 95.9492
278.1355857849121 ,0, -25 , 96.2428
278.62303614616394 ,0, -25 , 96.04305
279.10390162467957 ,0, -25 , 96.04175000000001
279.58560585975647 ,0, -25 , 95.76105
280.071653842926 ,0, -25 , 95.77885000000002
280.5535798072815 ,0, -25 , 96.17945
281.03878903388977 ,0, -25 , 96.3338
281.52132391929626 ,0, -25 , 96.0312
282.00428795814514 ,0, -25 , 95.7341
282.48975229263306 ,0, -25 , 95.9242
282.9697105884552 ,0, -25 , 95.9457
283.45034098625183 ,0, -25 , 96.18424999999999
283.9339714050293 ,0, -25 , 95.9969
284.4178102016449 ,0, -25 , 95.87780000000001
284.9046936035156 ,0, -25 , 95.80140000000002
285.3865075111389 ,0, -25 , 95.91355
285.8682019710541 ,0, -25 , 96.24870000000001
286.3557562828064 ,0, -25 , 96.12565
288.8483018875122 ,1, -8 , 96.1637
289.2644214630127 ,1, -8 , 96.008
289.7354588508606 ,1, -8 , 95.85704999999999
290.2174437046051 ,1, -8 , 95.7635
290.7022008895874 ,1, -8 , 96.07900000000001
291.18459844589233 ,1, -8 , 96.31519999999999
291.6696379184723 ,1, -8 , 96.17385
292.15289092063904 ,1, -8 , 95.8745
292.63641595840454 ,1, -8 , 95.66715
293.1196687221527 ,1, -8 , 95.9184
293.59899616241455 ,1, -8 , 96.19260000000001
294.0820002555847 ,1, -8 , 96.0861
294.56941318511963 ,1, -8 , 96.01885
295.05241417884827 ,1, -8 , 95.81935000000001
295.53539848327637 ,1, -8 , 95.94709999999999
296.01612162590027 ,1, -8 , 96.0864
296.49891233444214 ,1, -8 , 96.21805
296.9814519882202 ,1, -8 , 95.9716
297.46794152259827 ,1, -8 , 95.87410000000001
297.95044016838074 ,1, -8 , 95.89350000000002
298.43234157562256 ,1, -8 , 96.1238
298.9180839061737 ,1, -8 , 96.21840000000002
299.39703822135925 ,1, -8 , 96.12365
299.88306498527527 ,1, -8 , 95.69009999999999
300.3632185459137 ,1, -8 , 95.64389999999999
300.8478584289551 ,1, -8 , 96.06114999999998
301.33299708366394 ,1, -8 , 96.1681
301.8178391456604 ,1, -8 , 96.00665
302.30049443244934 ,1, -8 , 95.77565000000001
302.7839865684509 ,1, -8 , 95.86335
303.2696325778961 ,1, -8 , 95.81015
303.7489483356476 ,1, -8 , 96.25835
304.2334430217743 ,1, -8 , 95.94295
304.7168912887573 ,1, -8 , 96.04105000000001
305.19976019859314 ,1, -8 , 95.6778
305.6798024177551 ,1, -8 , 95.83980000000001
306.16369557380676 ,1, -8 , 96.0669
306.6446843147278 ,1, -8 , 96.12700000000001
307.1313650608063 ,1, -8 , 95.93249999999999
307.61258721351624 ,1, -8 , 95.6272
308.0992157459259 ,1, -8 , 95.81054999999999
308.58232831954956 ,1, -8 , 96.0753
309.07086396217346 ,0, -25 , 96.23745000000001
309.54959297180176 ,0, -25 , 95.97515
310.0281002521515 ,0, -25 , 95.81355
310.51363468170166 ,0, -25 , 95.64535000000001
310.9992678165436 ,0, -25 , 95.90549999999999
311.4801275730133 ,0, -25 , 96.22449999999999
311.9613687992096 ,0, -25 , 96.10045
312.44489884376526 ,0, -25 , 95.9184
312.9316864013672 ,0, -25 , 95.7766
313.41380524635315 ,0, -25 , 95.7058
313.8972408771515 ,0, -25 , 96.2504
314.3784785270691 ,0, -25 , 96.35585
314.8642199039459 ,0, -25 , 96.0701
315.3477261066437 ,0, -25 , 95.90425
315.8283977508545 ,0, -25 , 95.88709999999999
316.31253576278687 ,0, -25 , 95.87335000000002
316.79681181907654 ,0, -25 , 96.32155
317.2816514968872 ,0, -25 , 96.19839999999999
317.76315355300903 ,0, -25 , 95.7653
318.2469937801361 ,0, -25 , 95.7435
318.72886395454407 ,0, -25 , 95.8506
321.2242820262909 ,1, -7 , 96.012
321.6283235549927 ,1, -7 , 96.10005000000001
322.1102693080902 ,1, -7 , 96.04790000000001
322.5954704284668 ,1, -7 , 96.01360000000001
323.0788414478302 ,1, -7 , 95.55940000000001
323.561341047287 ,1, -7 , 95.6627
324.0434412956238 ,1, -7 , 96.18120000000002
324.5276131629944 ,1, -7 , 96.0864
325.0128996372223 ,1, -7 , 96.02505000000001
325.4943013191223 ,1, -7 , 95.72754999999998
325.97406816482544 ,1, -7 , 95.81345000000002
326.4593846797943 ,1, -7 , 95.83879999999999
326.9442400932312 ,1, -7 , 96.22275
327.4235339164734 ,1, -7 , 96.0032
327.90967631340027 ,1, -7 , 95.97949999999999
328.3931987285614 ,1, -7 , 95.77635
328.8790993690491 ,1, -7 , 95.73174999999999
329.36353516578674 ,1, -7 , 96.22630000000001
329.84398078918457 ,1, -7 , 96.20410000000001
330.32870054244995 ,1, -7 , 96.05380000000001
330.8074469566345 ,1, -7 , 95.69860000000001
331.29256224632263 ,1, -7 , 95.73615
331.7768461704254 ,1, -7 , 95.93830000000001
332.26002073287964 ,1, -7 , 96.01209999999999
332.7428388595581 ,1, -7 , 96.0695
333.2250578403473 ,1, -7 , 95.86574999999999
333.7060260772705 ,1, -7 , 95.7854
334.1924958229065 ,1, -7 , 95.76895
334.67599868774414 ,1, -7 , 96.30284999999999
335.1575417518616 ,1, -7 , 95.99495
335.64323711395264 ,1, -7 , 95.80865
336.1248610019684 ,1, -7 , 95.6911
336.6070764064789 ,1, -7 , 95.6841
337.08929419517517 ,1, -7 , 96.13999999999999
337.5739760398865 ,1, -7 , 96.1046
338.05610251426697 ,1, -7 , 96.0777
338.5421841144562 ,1, -7 , 95.6312
339.02495098114014 ,1, -7 , 95.92564999999999
339.5086591243744 ,1, -7 , 96.04915
339.99022603034973 ,1, -7 , 95.83399999999999
340.4721655845642 ,1, -7 , 96.01684999999999
340.9552800655365 ,1, -7 , 95.9847
341.44378089904785 ,0, -25 , 95.82265
341.92376255989075 ,0, -25 , 95.86455
342.4032084941864 ,0, -25 , 96.14385
342.88860869407654 ,0, -25 , 95.97215000000001
343.37381625175476 ,0, -25 , 95.8661
343.8534631729126 ,0, -25 , 95.73515
344.3379456996918 ,0, -25 , 95.8179
344.8231613636017 ,0, -25 , 96.05265000000001
345.30425095558167 ,0, -25 , 96.1295
345.7889811992645 ,0, -25 , 96.08510000000001
346.2724962234497 ,0, -25 , 95.78550000000001
346.75543665885925 ,0, -25 , 95.75985
347.23637771606445 ,0, -25 , 95.98895
347.7204830646515 ,0, -25 , 96.1543
348.2032516002655 ,0, -25 , 96.1956
348.68506622314453 ,0, -25 , 95.73904999999999
349.17272996902466 ,0, -25 , 95.75165000000001
349.6572296619415 ,0, -25 , 95.8771
350.13696551322937 ,0, -25 , 96.14874999999999
350.619469165802 ,0, -25 , 96.0032
351.10239005088806 ,0, -25 , 96.1004
353.5994002819061 ,1, -6 , 95.99029999999999
354.0039117336273 ,1, -6 , 95.62425000000002
354.4853677749634 ,1, -6 , 95.77555
354.96922516822815 ,1, -6 , 96.00809999999998
355.45482110977173 ,1, -6 , 96.23315000000001
355.93741965293884 ,1, -6 , 96.25009999999999
356.4164845943451 ,1, -6 , 95.9627
356.9014160633087 ,1, -6 , 95.69095
357.3882703781128 ,1, -6 , 95.91769999999998
357.87047934532166 ,1, -6 , 96.2486
358.35230326652527 ,1, -6 , 95.88585
358.8378586769104 ,1, -6 , 96.04055
359.31799054145813 ,1, -6 , 95.68974999999999
359.80288195610046 ,1, -6 , 95.87795000000001
360.2863166332245 ,1, -6 , 96.18415
360.76917719841003 ,1, -6 , 96.26995
361.24913787841797 ,1, -6 , 96.07639999999999
361.7320454120636 ,1, -6 , 95.9243
362.21577644348145 ,1, -6 , 95.91235
362.703898191452 ,1, -6 , 96.08
363.18607449531555 ,1, -6 , 96.16135000000001
363.6660497188568 ,1, -6 , 95.8688
364.15328645706177 ,1, -6 , 95.99410000000002
364.63098788261414 ,1, -6 , 95.68485
365.1179931163788 ,1, -6 , 95.85979999999999
365.59885478019714 ,1, -6 , 96.02550000000001
366.0810830593109 ,1, -6 , 95.99375
366.5680651664734 ,1, -6 , 95.80019999999999
367.04761266708374 ,1, -6 , 95.72564999999999
367.5306317806244 ,1, -6 , 95.70895
368.0190677642822 ,1, -6 , 95.7965
368.50113558769226 ,1, -6 , 96.19109999999999
368.9799208641052 ,1, -6 , 95.98174999999999
369.4632830619812 ,1, -6 , 95.8539
369.9498143196106 ,1, -6 , 95.8442
370.43409395217896 ,1, -6 , 95.93775
370.91344594955444 ,1, -6 , 96.30135
371.39919209480286 ,1, -6 , 95.9094
371.88318705558777 ,1, -6 , 95.8862
372.36344265937805 ,1, -6 , 95.68715
372.84869408607483 ,1, -6 , 95.74585
373.33309531211853 ,1, -6 , 96.24095000000001
373.82210874557495 ,0, -25 , 96.11335
374.2982249259949 ,0, -25 , 96.08689999999999
374.7827699184418 ,0, -25 , 95.6126
375.2661955356598 ,0, -25 , 95.70085
375.74989795684814 ,0, -25 , 96.1454
376.231103181839 ,0, -25 , 95.97005
376.71186113357544 ,0, -25 , 95.94364999999999
377.1966652870178 ,0, -25 , 95.76085
377.6780152320862 ,0, -25 , 95.66890000000001
378.16205048561096 ,0, -25 , 95.872
378.64553594589233 ,0, -25 , 96.21634999999999
379.1315860748291 ,0, -25 , 96.0608
379.61649203300476 ,0, -25 , 96.06665000000001
380.097288608551 ,0, -25 , 95.6687
380.5801544189453 ,0, -25 , 95.92055
381.06471586227417 ,0, -25 , 96.08624999999999
381.5452210903168 ,0, -25 , 96.245
382.0318970680237 ,0, -25 , 96.15305000000001
382.5120780467987 ,0, -25 , 95.6749
382.9931945800781 ,0, -25 , 95.76325000000001
383.4810435771942 ,0, -25 , 96.03635000000001
385.98184967041016 ,1, -5 , 95.77145
386.3792428970337 ,1, -5 , 96.31405
386.85904812812805 ,1, -5 , 96.17660000000001
387.34849190711975 ,1, -5 , 96.10535
387.8271450996399 ,1, -5 , 95.7612
388.3128743171692 ,1, -5 , 95.92499999999998
388.7977430820465 ,1, -5 , 96.05069999999999
389.27970457077026 ,1, -5 , 96.16664999999999
389.7621078491211 ,1, -5 , 95.9928
390.24330043792725 ,1, -5 , 95.83095000000002
390.725350856781 ,1, -5 , 95.55930000000001
391.208377122879 ,1, -5 , 95.96809999999999
391.6920566558838 ,1, -5 , 96.22494999999999
392.1765978336334 ,1, -5 , 96.00364999999998
392.65978741645813 ,1, -5 , 95.92
393.14568567276 ,1, -5 , 95.76344999999999
393.6290991306305 ,1, -5 , 95.77305
394.1114134788513 ,1, -5 , 96.0471
394.5941536426544 ,1, -5 , 96.1826
395.0744299888611 ,1, -5 , 95.8874
395.56049966812134 ,1, -5 , 95.67320000000001
396.0444757938385 ,1, -5 , 95.65995
396.528929233551 ,1, -5 , 95.91694999999999
397.01034331321716 ,1, -5 , 96.3483
397.4929463863373 ,1, -5 , 95.96804999999999
397.9784269332886 ,1, -5 , 95.84064999999998
398.4582431316376 ,1, -5 , 95.6034
398.94435930252075 ,1, -5 , 95.83015
399.42346835136414 ,1, -5 , 96.2896
399.9086468219757 ,1, -5 , 96.12214999999999
400.3921618461609 ,1, -5 , 95.95459999999999
400.8759460449219 ,1, -5 , 95.8643
401.35945987701416 ,1, -5 , 95.8422
401.8421573638916 ,1, -5 , 96.0149
402.32303953170776 ,1, -5 , 96.25775
402.80758237838745 ,1, -5 , 96.08909999999999
403.2922763824463 ,1, -5 , 95.75595000000001
403.7766902446747 ,1, -5 , 95.9322
404.25905418395996 ,1, -5 , 96.0284
404.74239206314087 ,1, -5 , 96.19735
405.2241168022156 ,1, -5 , 95.99075
405.70982122421265 ,1, -5 , 95.96765
406.1939845085144 ,0, -25 , 95.61885000000001
406.6751048564911 ,0, -25 , 95.78415
407.15895986557007 ,0, -25 , 96.22064999999999
407.64099526405334 ,0, -25 , 96.13009999999998
408.12529015541077 ,0, -25 , 95.83105
408.60736775398254 ,0, -25 , 95.7866
409.0911259651184 ,0, -25 , 95.8594
409.57311391830444 ,0, -25 , 95.94024999999999
410.0562963485718 ,0, -25 , 96.20230000000001
410.54044938087463 ,0, -25 , 96.13314999999999
411.0241837501526 ,0, -25 , 95.63465
411.5048837661743 ,0, -25 , 95.65125
411.9925355911255 ,0, -25 , 95.80035
412.47409081459045 ,0, -25 , 96.20174999999999
412.95785880088806 ,0, -25 , 96.23675
413.4396722316742 ,0, -25 , 96.07235
413.92350006103516 ,0, -25 , 95.79379999999999
414.406690120697 ,0, -25 , 95.80014999999999
414.88972091674805 ,0, -25 , 96.07505
415.3701424598694 ,0, -25 , 96.21060000000001
415.8583040237427 ,0, -25 , 96.17405
418.3603811264038 ,1, -4 , 96.27595
418.75377440452576 ,1, -4 , 95.99980000000001
419.2379434108734 ,1, -4 , 95.68955
419.7218441963196 ,1, -4 , 95.76905
420.204957485199 ,1, -4 , 96.0696
420.6867034435272 ,1, -4 , 96.14690000000002
421.1708993911743 ,1, -4 , 95.96880000000002
421.65052342414856 ,1, -4 , 95.66885
422.1356053352356 ,1, -4 , 95.71130000000001
422.6204676628113 ,1, -4 , 96.02799999999999
423.10413575172424 ,1, -4 , 96.18955
423.5857493877411 ,1, -4 , 96.04665
424.0703799724579 ,1, -4 , 95.7738
424.5524091720581 ,1, -4 , 95.58779999999999
425.03650975227356 ,1, -4 , 95.93230000000001
425.51968479156494 ,1, -4 , 96.2881
426.0039849281311 ,1, -4 , 95.96005000000001
426.4856708049774 ,1, -4 , 96.05605000000001
426.9690592288971 ,1, -4 , 95.74895000000001
427.45039892196655 ,1, -4 , 95.91305
427.9374430179596 ,1, -4 , 95.9966
428.42022705078125 ,1, -4 , 96.06955
428.9053249359131 ,1, -4 , 96.0568
429.38431119918823 ,1, -4 , 95.90579999999999
429.86991715431213 ,1, -4 , 95.83485
430.3529088497162 ,1, -4 , 95.9443
430.83455991744995 ,1, -4 , 96.23745000000001
431.3174583911896 ,1, -4 , 96.07185
431.8026399612427 ,1, -4 , 95.91054999999999
432.2864816188812 ,1, -4 , 95.59715
432.7711703777313 ,1, -4 , 95.76115
433.25300192832947 ,1, -4 , 95.9993
433.7352237701416 ,1, -4 , 96.1052
434.2193694114685 ,1, -4 , 95.96445
434.7008662223816 ,1, -4 , 95.61479999999999
435.18281960487366 ,1, -4 , 95.83619999999999
435.66565203666687 ,1, -4 , 95.95169999999999
436.1496546268463 ,1, -4 , 96.19275
436.6369891166687 ,1, -4 , 96.15204999999999
437.11694383621216 ,1, -4 , 95.8595
437.59893894195557 ,1, -4 , 95.7326
438.08496284484863 ,1, -4 , 95.96470000000001
438.5728645324707 ,0, -25 , 95.91769999999998
439.04751801490784 ,0, -25 , 96.25625
439.5351207256317 ,0, -25 , 95.91575000000002
440.0145106315613 ,0, -25 , 95.84155
440.4994766712189 ,0, -25 , 95.77855
440.98443245887756 ,0, -25 , 95.95150000000001
441.464964389801 ,0, -25 , 96.12039999999999
441.94985818862915 ,0, -25 , 95.96325
442.4335072040558 ,0, -25 , 95.90320000000001
442.9137444496155 ,0, -25 , 95.66365
443.4007968902588 ,0, -25 , 95.87700000000001
443.87959027290344 ,0, -25 , 96.22879999999999
444.366229057312 ,0, -25 , 96.14135
444.84851717948914 ,0, -25 , 96.0898
445.3329396247864 ,0, -25 , 95.64250000000001
445.81805777549744 ,0, -25 , 95.95720000000001
446.2977511882782 ,0, -25 , 96.2877
446.7828381061554 ,0, -25 , 96.14885
447.2654461860657 ,0, -25 , 96.00569999999999
447.74681973457336 ,0, -25 , 95.71555000000001
448.2306213378906 ,0, -25 , 95.7942
450.7374732494354 ,1, -3 , 95.71335
451.1302673816681 ,1, -3 , 95.683
451.61272859573364 ,1, -3 , 96.11195000000001
452.09573435783386 ,1, -3 , 96.30529999999999
452.58019280433655 ,1, -3 , 96.1562
453.0648744106293 ,1, -3 , 95.89009999999999
453.5500068664551 ,1, -3 , 95.76565000000001
454.0278813838959 ,1, -3 , 95.87325
454.51473808288574 ,1, -3 , 96.26205
454.99698090553284 ,1, -3 , 96.13180000000001
455.4781770706177 ,1, -3 , 95.81269999999999
455.96465158462524 ,1, -3 , 95.72319999999999
456.4437656402588 ,1, -3 , 95.66114999999999
456.9284689426422 ,1, -3 , 96.16375000000001
457.413298368454 ,1, -3 , 96.08080000000001
457.8976078033447 ,1, -3 , 95.96245
458.37773084640503 ,1, -3 , 95.5353
458.8624646663666 ,1, -3 , 95.81349999999999
459.3455958366394 ,1, -3 , 95.8253
459.82832622528076 ,1, -3 , 96.21775000000001
460.31342124938965 ,1, -3 , 96.14325000000001
460.7933084964752 ,1, -3 , 95.75405
461.2811269760132 ,1, -3 , 95.7695
461.76267170906067 ,1, -3 , 95.88175000000001
462.2463729381561 ,1, -3 , 96.13309999999998
462.72889137268066 ,1, -3 , 95.9951
463.2128345966339 ,1, -3 , 96.146
463.6968355178833 ,1, -3 , 95.73875
464.17466473579407 ,1, -3 , 95.81230000000001
464.6621115207672 ,1, -3 , 96.022
465.1422505378723 ,1, -3 , 96.33385
465.6273818016052 ,1, -3 , 96.20335
466.1088287830353 ,1, -3 , 95.78710000000001
466.59379410743713 ,1, -3 , 95.878
467.0778682231903 ,1, -3 , 95.92195000000001
467.5595669746399 ,1, -3 , 96.17599999999999
468.0446264743805 ,1, -3 , 95.9974
468.52769780158997 ,1, -3 , 95.9531
469.01039457321167 ,1, -3 , 95.59725000000002
469.49411177635193 ,1, -3 , 95.7591
469.9740550518036 ,1, -3 , 96.0689
470.45907521247864 ,1, -3 , 96.08135
470.94784665107727 ,0, -25 , 96.00280000000001
471.4246189594269 ,0, -25 , 95.83704999999999
471.909551858902 ,0, -25 , 95.83810000000001
472.3933825492859 ,0, -25 , 95.9945
472.8775260448456 ,0, -25 , 96.245
473.3583219051361 ,0, -25 , 96.04635
473.84294533729553 ,0, -25 , 95.96445
474.32270550727844 ,0, -25 , 95.7677
474.81233763694763 ,0, -25 , 95.83064999999999
475.2929308414459 ,0, -25 , 96.07475000000001
475.7750735282898 ,0, -25 , 96.17385
476.2565631866455 ,0, -25 , 96.02985
476.7394154071808 ,0, -25 , 95.75125
477.2218806743622 ,0, -25 , 95.64365000000001
477.7052233219147 ,0, -25 , 95.91309999999999
478.19172954559326 ,0, -25 , 96.32795
478.6757571697235 ,0, -25 , 95.98329999999999
479.15472745895386 ,0, -25 , 95.97945000000001
479.6432101726532 ,0, -25 , 95.64859999999999
480.1240849494934 ,0, -25 , 95.89935
480.6058495044708 ,0, -25 , 96.13155
483.11204385757446 ,1, -2 , 95.87495
483.50754475593567 ,1, -2 , 96.2365
483.9882390499115 ,1, -2 , 96.02695
484.47397899627686 ,1, -2 , 95.80189999999999
484.9554166793823 ,1, -2 , 95.59975
485.4396469593048 ,1, -2 , 95.84595
485.922732591629 ,1, -2 , 96.06654999999999
486.40416145324707 ,1, -2 , 96.0688
486.8886649608612 ,1, -2 , 96.07345
487.3731315135956 ,1, -2 , 95.7376
487.85448002815247 ,1, -2 , 95.83775
488.340313911438 ,1, -2 , 96.00904999999999
488.8216767311096 ,1, -2 , 96.2131
489.3025846481323 ,1, -2 , 96.1471
489.7894608974457 ,1, -2 , 95.976
490.2724964618683 ,1, -2 , 95.57105000000001
490.7542476654053 ,1, -2 , 95.98285
491.2380428314209 ,1, -2 , 96.0852
491.7181704044342 ,1, -2 , 96.24545
492.2064628601074 ,1, -2 , 96.0115
492.6848168373108 ,1, -2 , 95.77995
493.17233419418335 ,1, -2 , 95.68320000000001
493.6545207500458 ,1, -2 , 95.9446
494.1373462677002 ,1, -2 , 96.19900000000001
494.62106561660767 ,1, -2 , 96.13374999999999
495.10512495040894 ,1, -2 , 95.86935000000001
495.5839991569519 ,1, -2 , 95.7735
496.0707745552063 ,1, -2 , 95.98115
496.552636384964 ,1, -2 , 96.13910000000001
497.03576016426086 ,1, -2 , 96.13035
497.521844625473 ,1, -2 , 95.9102
498.0040810108185 ,1, -2 , 95.84015000000001
498.48519587516785 ,1, -2 , 95.71450000000002
498.9691002368927 ,1, -2 , 95.90405
499.45359349250793 ,1, -2 , 95.95675000000001
499.93822956085205 ,1, -2 , 96.07244999999999
500.41969084739685 ,1, -2 , 95.61115
500.9036662578583 ,1, -2 , 95.65905000000001
501.387793302536 ,1, -2 , 95.72475
501.8677670955658 ,1, -2 , 96.24485
502.3521451950073 ,1, -2 , 96.20020000000001
502.83640360832214 ,1, -2 , 96.02935000000001
503.32141041755676 ,0, -25 , 95.77345000000001
503.8030185699463 ,0, -25 , 95.658
504.286096572876 ,0, -25 , 95.9614
504.76982712745667 ,0, -25 , 96.21034999999999
505.25213623046875 ,0, -25 , 96.206
505.73261642456055 ,0, -25 , 95.7993
506.2166769504547 ,0, -25 , 95.74029999999999
506.7002966403961 ,0, -25 , 95.80680000000001
507.1812357902527 ,0, -25 , 96.21809999999999
507.6681549549103 ,0, -25 , 96.27709999999999
508.1502242088318 ,0, -25 , 95.96925
508.6314330101013 ,0, -25 , 95.82669999999999
509.11360120773315 ,0, -25 , 95.95875
509.6002745628357 ,0, -25 , 96.09965
510.08301067352295 ,0, -25 , 96.02085
510.56528544425964 ,0, -25 , 96.1707
511.0482831001282 ,0, -25 , 95.88835
511.53034472465515 ,0, -25 , 95.62835000000001
512.0179743766785 ,0, -25 , 95.97845
512.4972562789917 ,0, -25 , 96.16215000000001
512.983636379242 ,0, -25 , 96.08290000000002
515.4782319068909 ,1, -1 , 96.26185
515.8824298381805 ,1, -1 , 95.99960000000002
516.3662261962891 ,1, -1 , 95.72560000000001
516.8476004600525 ,1, -1 , 95.6307
517.329005241394 ,1, -1 , 95.98995000000001
517.8123757839203 ,1, -1 , 96.26435
518.2975387573242 ,1, -1 , 96.20835
518.7823805809021 ,1, -1 , 95.98725000000002
519.2647922039032 ,1, -1 , 95.64954999999999
519.7480492591858 ,1, -1 , 95.75379999999998
520.2315022945404 ,1, -1 , 96.02865
520.7133421897888 ,1, -1 , 96.28855
521.1989009380341 ,1, -1 , 96.1421
521.6819126605988 ,1, -1 , 95.77095
522.1607201099396 ,1, -1 , 95.73479999999999
522.6482877731323 ,1, -1 , 95.8641
523.1310982704163 ,1, -1 , 96.25084999999999
523.6110689640045 ,1, -1 , 96.13915
524.093460559845 ,1, -1 , 95.91929999999999
524.580361366272 ,1, -1 , 95.64855
525.0646221637726 ,1, -1 , 95.8099
525.5446157455444 ,1, -1 , 95.9806
526.0272800922394 ,1, -1 , 96.18219999999998
526.5149364471436 ,1, -1 , 96.09315000000001
526.9934885501862 ,1, -1 , 95.84805000000001
527.4780423641205 ,1, -1 , 95.54855
527.9628276824951 ,1, -1 , 95.9322
528.445093870163 ,1, -1 , 96.21209999999999
528.9288973808289 ,1, -1 , 96.14555
529.4099731445312 ,1, -1 , 96.01939999999999
529.8949220180511 ,1, -1 , 95.66375
530.3783042430878 ,1, -1 , 95.8754
530.8587951660156 ,1, -1 , 95.95884999999998
531.3426492214203 ,1, -1 , 96.16595000000001
531.8290710449219 ,1, -1 , 95.989
532.3135561943054 ,1, -1 , 95.8658
532.7951731681824 ,1, -1 , 95.83460000000001
533.2780578136444 ,1, -1 , 95.8919
533.762969493866 ,1, -1 , 96.24719999999999
534.2424941062927 ,1, -1 , 96.07799999999999
534.7285914421082 ,1, -1 , 95.7289
535.2102737426758 ,1, -1 , 95.66585
535.7008228302002 ,0, -25 , 95.7561
536.1771132946014 ,0, -25 , 96.12405
536.6589756011963 ,0, -25 , 96.28914999999999
537.1414148807526 ,0, -25 , 96.08185
537.6244125366211 ,0, -25 , 95.83435
538.1112039089203 ,0, -25 , 95.75169999999999
538.5941941738129 ,0, -25 , 95.95285
539.0761961936951 ,0, -25 , 96.09495
539.5608441829681 ,0, -25 , 96.2512
540.0405342578888 ,0, -25 , 96.0262
540.5260512828827 ,0, -25 , 95.70069999999998
541.008975982666 ,0, -25 , 95.64784999999999
541.4899327754974 ,0, -25 , 96.06505
541.97305727005 ,0, -25 , 96.25710000000001
542.4569671154022 ,0, -25 , 96.1921
542.9441950321198 ,0, -25 , 95.84239999999998
543.4220020771027 ,0, -25 , 95.81554999999999
543.9090313911438 ,0, -25 , 95.88590000000002
544.3931474685669 ,0, -25 , 96.19630000000001
544.8730833530426 ,0, -25 , 96.0203
545.3584871292114 ,0, -25 , 95.98295
547.863831281662 ,1, 0 , 96.13510000000001
548.2586624622345 ,1, 0 , 95.99999999999999
548.7420165538788 ,1, 0 , 95.68505
549.226389169693 ,1, 0 , 95.80324999999999
549.7053604125977 ,1, 0 , 96.1827
550.1873083114624 ,1, 0 , 96.20094999999999
550.672233581543 ,1, 0 , 95.97565000000002
551.1562120914459 ,1, 0 , 95.78155000000001
551.6399312019348 ,1, 0 , 95.76
552.1243510246277 ,1, 0 , 95.88940000000001
552.6047174930573 ,1, 0 , 96.20934999999999
553.0920214653015 ,1, 0 , 96.1074
553.5742321014404 ,1, 0 , 95.86885
554.0529112815857 ,1, 0 , 95.7907
554.5393192768097 ,1, 0 , 95.79785000000001
555.0233471393585 ,1, 0 , 96.0804
555.5066559314728 ,1, 0 , 95.9902
555.9892027378082 ,1, 0 , 95.90025
556.4701509475708 ,1, 0 , 95.59859999999999
556.9558291435242 ,1, 0 , 95.7811
557.4390547275543 ,1, 0 , 96.05004999999998
557.9232671260834 ,1, 0 , 96.28540000000001
558.4036209583282 ,1, 0 , 96.1135
558.8884506225586 ,1, 0 , 95.98545
559.3722488880157 ,1, 0 , 95.73805
559.8548741340637 ,1, 0 , 95.9006
560.3389372825623 ,1, 0 , 96.13395
560.8231794834137 ,1, 0 , 96.04695000000001
561.3031630516052 ,1, 0 , 96.0145
561.7879114151001 ,1, 0 , 95.7316
562.2731657028198 ,1, 0 , 95.8042
562.753002166748 ,1, 0 , 95.93395
563.235463142395 ,1, 0 , 96.26644999999999
563.7217786312103 ,1, 0 , 96.1674
564.2006645202637 ,1, 0 , 95.90180000000001
564.6840150356293 ,1, 0 , 95.6654
565.1701934337616 ,1, 0 , 95.78815
565.6546928882599 ,1, 0 , 96.12324999999998
566.135559797287 ,1, 0 , 95.995
566.6207056045532 ,1, 0 , 95.79155
567.1004512310028 ,1, 0 , 95.68785
567.5880234241486 ,1, 0 , 95.66544999999999
568.073162317276 ,0, -25 , 95.93275
568.5536940097809 ,0, -25 , 96.16299999999998
569.0372087955475 ,0, -25 , 96.0457
569.5193445682526 ,0, -25 , 95.7876
570.0030827522278 ,0, -25 , 95.63025
570.485803604126 ,0, -25 , 95.89020000000001
570.9695131778717 ,0, -25 , 96.18204999999999
571.4541928768158 ,0, -25 , 96.32614999999998
571.9338586330414 ,0, -25 , 96.07585
572.4187145233154 ,0, -25 , 95.82
572.8982670307159 ,0, -25 , 95.5752
573.3823084831238 ,0, -25 , 95.7699
573.8696360588074 ,0, -25 , 96.18755
574.3517589569092 ,0, -25 , 96.06939999999999
574.8324599266052 ,0, -25 , 95.69365
575.3184344768524 ,0, -25 , 95.6015
575.7979028224945 ,0, -25 , 96.00619999999999
576.2844321727753 ,0, -25 , 96.2104
576.767466545105 ,0, -25 , 96.27505000000001
577.250194311142 ,0, -25 , 96.09499999999998
577.732106924057 ,0, -25 , 95.694
580.2266068458557 ,1, 1 , 95.76725000000002
580.6299495697021 ,1, 1 , 95.8936
581.115907907486 ,1, 1 , 95.72489999999999
581.5984175205231 ,1, 1 , 96.20889999999999
582.0837087631226 ,1, 1 , 96.37655
582.5648548603058 ,1, 1 , 96.01785000000001
583.0476429462433 ,1, 1 , 95.66799999999999
583.5296154022217 ,1, 1 , 95.73365
584.0139284133911 ,1, 1 , 95.90495000000001
584.499350309372 ,1, 1 , 96.12775
584.9792556762695 ,1, 1 , 96.17435
585.4657340049744 ,1, 1 , 95.97774999999999
585.9495072364807 ,1, 1 , 95.78675000000001
586.4308514595032 ,1, 1 , 95.663
586.9132385253906 ,1, 1 , 95.96785000000001
587.3990252017975 ,1, 1 , 96.24965000000002
587.8795614242554 ,1, 1 , 95.96424999999999
588.3627800941467 ,1, 1 , 95.86320000000002
588.8475267887115 ,1, 1 , 95.775
589.3333613872528 ,1, 1 , 95.99385
589.8125147819519 ,1, 1 , 96.31735000000002
590.2980651855469 ,1, 1 , 96.1905
590.7825944423676 ,1, 1 , 96.01254999999999
591.2682337760925 ,1, 1 , 95.844
591.7462949752808 ,1, 1 , 95.7751
592.2320585250854 ,1, 1 , 95.968
592.7100584506989 ,1, 1 , 96.21589999999999
593.1972031593323 ,1, 1 , 96.08464999999998
593.6775002479553 ,1, 1 , 95.73315
594.1639149188995 ,1, 1 , 95.77900000000001
594.6444952487946 ,1, 1 , 95.89350000000002
595.1302433013916 ,1, 1 , 96.25019999999999
595.6123194694519 ,1, 1 , 96.08595
596.0956916809082 ,1, 1 , 96.0547
596.5783576965332 ,1, 1 , 95.49404999999999
597.0610988140106 ,1, 1 , 95.67869999999999
597.5449471473694 ,1, 1 , 95.93335
598.0251312255859 ,1, 1 , 96.25399999999999
598.5125138759613 ,1, 1 , 96.03159999999998
598.9933695793152 ,1, 1 , 95.88430000000001
599.4755437374115 ,1, 1 , 95.68544999999999
599.9614419937134 ,1, 1 , 95.78904999999999
600.4508099555969 ,0, -25 , 96.13165000000001
600.9247901439667 ,0, -25 , 96.33724999999998
601.407782793045 ,0, -25 , 96.10244999999999
601.8938632011414 ,0, -25 , 95.88765000000001
602.3791615962982 ,0, -25 , 95.67295
602.8598845005035 ,0, -25 , 96.0388
603.3411355018616 ,0, -25 , 96.22079999999998
603.8291671276093 ,0, -25 , 96.07244999999999
604.3080186843872 ,0, -25 , 95.99775000000001
604.7925045490265 ,0, -25 , 95.65825000000001
605.2753353118896 ,0, -25 , 95.93535
605.7565100193024 ,0, -25 , 96.18785000000001
606.2431864738464 ,0, -25 , 96.24895
606.7260363101959 ,0, -25 , 96.0456
607.2100479602814 ,0, -25 , 95.96605
607.6931383609772 ,0, -25 , 95.94785
608.1734340190887 ,0, -25 , 95.86245
608.6560809612274 ,0, -25 , 96.11
609.1391928195953 ,0, -25 , 96.12845000000002
609.6261553764343 ,0, -25 , 95.99785
610.1110508441925 ,0, -25 , 95.83645000000001
612.6056542396545 ,1, 2 , 95.83779999999999
613.006462097168 ,1, 2 , 95.6874
613.4926021099091 ,1, 2 , 95.7996
613.9760365486145 ,1, 2 , 96.2241
614.458952665329 ,1, 2 , 96.23469999999999
614.939651966095 ,1, 2 , 96.0381
615.4237833023071 ,1, 2 , 95.63015000000001
615.9047594070435 ,1, 2 , 95.75074999999998
616.3893904685974 ,1, 2 , 95.93225
616.8729922771454 ,1, 2 , 96.16265
617.3593072891235 ,1, 2 , 96.02195
617.84228515625 ,1, 2 , 95.8401
618.3233330249786 ,1, 2 , 95.68095000000001
618.8080043792725 ,1, 2 , 95.75285
619.2879610061646 ,1, 2 , 96.01595
619.773829460144 ,1, 2 , 96.18710000000002
620.2566654682159 ,1, 2 , 95.982
620.7401113510132 ,1, 2 , 95.68979999999999
621.2205562591553 ,1, 2 , 95.84585
621.7046949863434 ,1, 2 , 95.83924999999999
622.1889307498932 ,1, 2 , 96.16470000000001
622.672420501709 ,1, 2 , 96.16605
623.1557087898254 ,1, 2 , 95.75850000000001
623.636075258255 ,1, 2 , 95.84049999999999
624.1233177185059 ,1, 2 , 95.8256
624.6072378158569 ,1, 2 , 96.09735000000002
625.0889108181 ,1, 2 , 96.14240000000001
625.5729036331177 ,1, 2 , 96.143
626.0554285049438 ,1, 2 , 95.88970000000002
626.5388808250427 ,1, 2 , 95.67330000000001
627.0202143192291 ,1, 2 , 95.97349999999999
627.5014991760254 ,1, 2 , 96.19245000000001
627.9880912303925 ,1, 2 , 96.23595
628.4692413806915 ,1, 2 , 96.13395
628.9540410041809 ,1, 2 , 95.78375
629.4350380897522 ,1, 2 , 95.86179999999999
629.9176926612854 ,1, 2 , 95.9289
630.4040999412537 ,1, 2 , 96.28605
630.8875093460083 ,1, 2 , 96.11735
631.3709032535553 ,1, 2 , 95.99515000000001
631.8532755374908 ,1, 2 , 95.72875
632.3373024463654 ,1, 2 , 95.9703
632.8257248401642 ,0, -25 , 96.27575000000002
633.3026592731476 ,0, -25 , 96.12495
633.7875220775604 ,0, -25 , 95.98360000000001
634.270968914032 ,0, -25 , 95.6304
634.7547399997711 ,0, -25 , 95.69104999999999
635.2368276119232 ,0, -25 , 96.1354
635.7182335853577 ,0, -25 , 96.1168
636.2023332118988 ,0, -25 , 96.03205000000001
636.6869442462921 ,0, -25 , 96.02244999999999
637.1662983894348 ,0, -25 , 95.74560000000001
637.6503825187683 ,0, -25 , 95.80550000000001
638.1348571777344 ,0, -25 , 96.1389
638.6196434497833 ,0, -25 , 96.2469
639.1023597717285 ,0, -25 , 96.0284
639.585155248642 ,0, -25 , 95.85985000000001
640.0704462528229 ,0, -25 , 95.66475000000001
640.5501735210419 ,0, -25 , 95.76865
641.0357270240784 ,0, -25 , 96.16565000000001
641.5187559127808 ,0, -25 , 96.21255
642.0025310516357 ,0, -25 , 96.1205
642.4852192401886 ,0, -25 , 95.69045
644.9838416576385 ,1, 3 , 95.917
645.3834960460663 ,1, 3 , 95.6844
645.8632688522339 ,1, 3 , 95.77405
646.3483302593231 ,1, 3 , 96.07464999999999
646.8305883407593 ,1, 3 , 96.23874999999998
647.3149619102478 ,1, 3 , 95.95495
647.8011250495911 ,1, 3 , 95.7444
648.2836754322052 ,1, 3 , 95.6857
648.7669038772583 ,1, 3 , 96.0215
649.246838092804 ,1, 3 , 96.21030000000002
649.7329177856445 ,1, 3 , 96.17995
650.2159814834595 ,1, 3 , 95.86745
650.6977343559265 ,1, 3 , 95.74185
651.1821110248566 ,1, 3 , 95.73040000000002
651.6671042442322 ,1, 3 , 96.02019999999999
652.148378610611 ,1, 3 , 96.15299999999999
652.6327781677246 ,1, 3 , 96.08860000000001
653.1160359382629 ,1, 3 , 95.9413
653.5991780757904 ,1, 3 , 95.8339
654.0807449817657 ,1, 3 , 95.81729999999999
654.565596818924 ,1, 3 , 96.19135
655.0460896492004 ,1, 3 , 96.06864999999999
655.530143737793 ,1, 3 , 96.1022
656.0163192749023 ,1, 3 , 95.55235
656.4979367256165 ,1, 3 , 95.66279999999999
656.9792490005493 ,1, 3 , 96.0707
657.463559627533 ,1, 3 , 96.2277
657.9470763206482 ,1, 3 , 96.08719999999998
658.4321980476379 ,1, 3 , 96.008
658.9110987186432 ,1, 3 , 95.56815
659.3942921161652 ,1, 3 , 95.87695000000001
659.8795790672302 ,1, 3 , 96.15335
660.363320350647 ,1, 3 , 96.16845
660.8474910259247 ,1, 3 , 96.07995
661.3274540901184 ,1, 3 , 95.81725000000002
661.8131997585297 ,1, 3 , 95.70514999999999
662.2972264289856 ,1, 3 , 95.92295
662.7807624340057 ,1, 3 , 96.2585
663.26331615448 ,1, 3 , 96.10875000000001
663.747460603714 ,1, 3 , 95.94024999999999
664.2298383712769 ,1, 3 , 95.66019999999999
664.7126975059509 ,1, 3 , 95.8553
665.2002005577087 ,0, -25 , 96.13009999999998
665.6760091781616 ,0, -25 , 96.3314
666.1625027656555 ,0, -25 , 96.07654999999998
666.6461093425751 ,0, -25 , 95.73389999999999
667.1299805641174 ,0, -25 , 95.59124999999999
667.6113359928131 ,0, -25 , 95.9033
668.0922746658325 ,0, -25 , 96.2746
668.5781755447388 ,0, -25 , 96.00375
669.0624859333038 ,0, -25 , 95.9966
669.5452306270599 ,0, -25 , 95.63755
670.0288004875183 ,0, -25 , 95.75240000000001
670.5102133750916 ,0, -25 , 95.92195000000001
670.9948582649231 ,0, -25 , 96.1074
671.4780135154724 ,0, -25 , 96.05270000000002
671.960334777832 ,0, -25 , 95.96770000000001
672.4441721439362 ,0, -25 , 95.91795
672.928474187851 ,0, -25 , 95.6765
673.4101886749268 ,0, -25 , 95.96999999999998
673.8958702087402 ,0, -25 , 96.05829999999999
674.3750121593475 ,0, -25 , 96.05895
674.8600709438324 ,0, -25 , 95.71545000000002
